EmployeeID,EmployeeName,EmployeeHireDate,EmployeeJobTitle,WarehouseID,SourceWarehouseID
6309,Summer Payne,2016-06-07,Public Accountant,1,101
6310,Rose Stephens,2016-06-07,Accounting Manager,1,102
6311,Annabelle Dunn,2016-09-17,Administration Assistant,1,103
6312,Tommy Bailey,2016-06-17,President,1,104
6313,Blake Cooper,2016-01-13,Administration Vice President,1,105
6314,Jude Rivera,2016-09-21,Administration Vice President,1,106
6315,Tyler Ramirez,2016-09-28,Accountant,1,107
6316,Ryan Gray,2016-08-16,Accountant,1,108
6317,Elliot Brooks,2016-12-07,Accountant,1,109
6318,Elliott James,2016-09-30,Accountant,1,110
6319,Albert Watson,2016-03-07,Accountant,1,111
6320,Mohammad Peterson,2016-08-17,Finance Manager,1,112
6321,Harper Spencer,2016-06-07,Human Resources Representative,1,113
6322,Louie Richardson,2016-01-03,Programmer,1,114
6323,Nathan Cox,2016-05-21,Programmer,1,115
6324,Bobby Torres,2016-02-07,Programmer,1,116
6325,Charles Ward,2016-02-05,Programmer,1,117
6326,Gabriel Howard,2016-06-25,Programmer,1,118
6327,Emma Perkins,2016-02-17,Marketing Manager,1,119
6328,Amelie Hudson,2016-08-17,Marketing Representative,1,120
6329,Gracie Gardner,2016-06-07,Public Relations Representative,1,121
6330,Frederick Price,2016-12-24,Purchasing Clerk,1,122
6331,Alex Sanders,2016-05-18,Purchasing Clerk,1,123
6332,Ollie Bennett,2016-07-24,Purchasing Clerk,1,124
6333,Louis Wood,2016-11-15,Purchasing Clerk,1,125
6334,Dexter Barnes,2016-08-10,Purchasing Clerk,1,126
6335,Rory Kelly,2016-12-07,Purchasing Manager,1,127
6336,Isabella Cole,2016-10-15,Sales Manager,1,128
6337,Jessica Woods,2016-03-10,Sales Manager,1,129
6338,Ella Wallace,2016-01-05,Sales Manager,1,130
6339,Ava Sullivan,2016-10-01,Sales Manager,1,131
6340,Mia West,2016-01-29,Sales Manager,1,132
6341,Evie Harrison,2016-11-23,Sales Representative,1,133
6342,Scarlett Gibson,2016-01-30,Sales Representative,1,134
6343,Ruby Mcdonald,2016-03-04,Sales Representative,1,135
6344,Chloe Cruz,2016-08-01,Sales Representative,1,136
6345,Isabelle Marshall,2016-03-10,Sales Representative,1,137
6346,Daisy Ortiz,2016-12-15,Sales Representative,1,138
6347,Freya Gomez,2016-11-03,Sales Representative,1,139
6348,Elizabeth Dixon,2016-01-04,Sales Representative,1,140
6349,Florence Freeman,2016-03-19,Sales Representative,1,141
6350,Alice Wells,2016-01-24,Sales Representative,1,142
6351,Charlotte Webb,2016-02-23,Sales Representative,1,143
6352,Sienna Simpson,2016-03-24,Sales Representative,1,144
6353,Matilda Stevens,2016-04-21,Sales Representative,2,145
6354,Evelyn Tucker,2016-03-11,Sales Representative,2,146
6355,Eva Porter,2016-03-23,Sales Representative,2,147
6356,Millie Hunter,2016-01-24,Sales Representative,2,148
6357,Sofia Hicks,2016-02-23,Sales Representative,2,149
6358,Lucy Crawford,2016-03-24,Sales Representative,2,150
6359,Elsie Henry,2016-04-21,Sales Representative,2,151
6360,Imogen Boyd,2016-05-11,Sales Representative,2,152
6361,Layla Mason,2016-03-19,Sales Representative,2,153
6362,Rosie Morales,2016-03-24,Sales Representative,2,154
6363,Maya Kennedy,2016-04-23,Sales Representative,2,155
6364,Esme Warren,2016-05-24,Sales Representative,2,156
6365,Grace Ellis,2016-12-09,Sales Representative,2,157
6366,Lily Fisher,2016-03-30,Sales Representative,2,158
6367,Sophia Reynolds,2016-08-20,Sales Representative,2,159
6368,Sophie Owens,2016-03-24,Sales Representative,2,160
6369,Poppy Jordan,2016-01-30,Sales Representative,2,161
6370,Phoebe Murray,2016-11-11,Sales Representative,2,162
6371,Holly Shaw,2016-01-27,Shipping Clerk,2,163
6372,Emilia Holmes,2016-02-20,Shipping Clerk,2,164
6373,Molly Rice,2016-06-24,Shipping Clerk,2,165
6374,Ellie Robertson,2016-02-07,Shipping Clerk,2,166
6375,Jasmine Hunt,2016-06-14,Shipping Clerk,2,167
6376,Eliza Black,2016-08-13,Shipping Clerk,2,168
6377,Lilly Daniels,2016-07-11,Shipping Clerk,2,169
6378,Abigail Palmer,2016-12-19,Shipping Clerk,2,170
6379,Georgia Mills,2016-02-04,Shipping Clerk,2,171
6380,Maisie Nichols,2016-03-03,Shipping Clerk,2,172
6381,Eleanor Grant,2016-07-01,Shipping Clerk,2,173
6382,Hannah Knight,2016-03-17,Shipping Clerk,2,174
6383,Harriet Ferguson,2016-04-24,Shipping Clerk,2,175
6384,Amber Rose,2016-05-23,Shipping Clerk,2,176
6385,Bella Stone,2016-06-21,Shipping Clerk,2,177
6386,Thea Hawkins,2016-01-13,Shipping Clerk,2,178
6387,Lola Ramos,2016-01-24,Shipping Clerk,2,179
6388,Willow Reyes,2016-02-23,Shipping Clerk,2,180
6389,Ivy Burns,2016-06-21,Shipping Clerk,2,181
6390,Erin Gordon,2016-02-03,Shipping Clerk,2,182
6391,Reggie Simmons,2016-04-10,Stock Clerk,2,183
6392,Emily Hamilton,2016-03-15,Stock Clerk,2,184
6393,Olivia Ford,2016-01-29,Stock Clerk,2,185
6394,Amelia Myers,2016-10-17,Stock Clerk,2,186
6395,Connor Hayes,2016-04-06,Stock Clerk,2,187
6396,Leon Powell,2016-07-16,Stock Clerk,2,188
6397,Kai Long,2016-09-28,Stock Clerk,3,189
6398,Aaron Patterson,2016-01-14,Stock Clerk,3,190
6399,Roman Hughes,2016-03-08,Stock Clerk,3,191
6400,Austin Flores,2016-08-20,Stock Clerk,3,192
6401,Ellis Washington,2016-10-30,Stock Clerk,3,193
6402,Jamie Butler,2016-02-16,Stock Clerk,3,194
6403,Isla Graham,2016-07-09,Stock Clerk,3,195
6404,Seth Foster,2016-06-14,Stock Clerk,3,196
6405,Carter Gonzales,2016-08-26,Stock Clerk,3,197
6406,Felix Bryant,2016-12-12,Stock Clerk,3,198
6407,Ibrahim Alexander,2016-02-06,Stock Clerk,3,199
6408,Sonny Russell,2016-07-14,Stock Clerk,3,200
6409,Kian Griffin,2016-10-26,Stock Clerk,3,201
6410,Caleb Diaz,2016-02-12,Stock Clerk,3,202
6411,Ronnie Perry,2016-11-16,Stock Manager,3,203
6412,Callum Jenkins,2016-10-10,Stock Manager,3,204
6413,Jackso Coleman,2016-05-01,Stock Manager,3,205
6414,Liam Henderson,2016-04-10,Stock Manager,3,206
6415,Jaxon Ross,2016-07-18,Stock Manager,3,207
6416,Adinolfi Wilson,2011-07-05,Public Accountant,3,208
6417,AitSidi Karthikeyan,2015-03-30,Accounting Manager,3,209
6418,Akinkuolie Sarah,2011-07-05,Administration Assistant,3,210
6419,AlagbeTrina,2008-01-07,President,3,211
6420,Anderson Carol,2011-07-11,Administration Vice President,3,212
6421,Anderson Linda,2012-01-09,Administration Vice President,3,213
6422,Andreola Colby,2014-11-10,Accountant,3,214
6423,Athwal Sam,2013-09-30,Accountant,3,215
6424,Bachiochi Linda,2009-07-06,Accountant,3,216
6425,Bacong Alejandro,2015-01-05,Accountant,3,217
6426,Baczenski Rachael,2011-01-10,Accountant,3,218
6427,Barbara Thomas,2012-04-02,Finance Manager,3,219
6428,Barbossa Hector,2014-11-10,Human Resources Representative,3,220
6429,Barone Francesco,2012-02-20,Programmer,3,221
6430,Barton Nader,2012-09-24,Programmer,3,222
6431,Bates Norman,2011-02-21,Programmer,3,223
6432,Beak Kimberly,2016-07-21,Programmer,3,224
6433,Beatrice Courtney,2011-04-04,Programmer,3,225
6434,Becker Renee,2014-07-07,Marketing Manager,3,226
6435,Becker Scott,2013-07-08,Marketing Representative,3,227
6436,Bernstein Sean,2012-04-02,Public Relations Representative,3,228
6437,Biden Lowan,2013-08-19,Purchasing Clerk,3,229
6438,Billis Helen,2014-07-07,Purchasing Clerk,3,230
6439,Blount Dianna,2011-04-04,Purchasing Clerk,3,231
6440,Bondwell Betsy,2011-01-10,Purchasing Clerk,3,232
6441,Booth Frank,2014-02-17,Purchasing Clerk,3,233
6442,Boutwell Bonalyn,2015-02-16,Purchasing Manager,4,234
6443,Bozzi Charles,2013-09-30,Sales Manager,4,235
6444,Brill Donna,2012-04-02,Sales Manager,4,236
6445,Brown Mia,2008-10-27,Sales Manager,4,237
6446,Buccheri Joseph,2014-09-29,Sales Manager,4,238
6447,Bugali Josephine,2013-11-11,Sales Manager,4,239
6448,Bunbury Jessica,2011-08-15,Sales Representative,4,240
6449,Burke Joelle,2012-03-05,Sales Representative,4,241
6450,Burkett Benjamin,2011-04-04,Sales Representative,4,242
6451,Cady Max,2011-08-15,Sales Representative,4,243
6452,Candie Calvin,2016-01-28,Sales Representative,4,244
6453,Carabbio Judith,2013-11-11,Sales Representative,4,245
6454,Carey Michael,2014-03-31,Sales Representative,4,246
6455,Carr Claudia,2016-06-30,Sales Representative,4,247
6456,Carter Michelle,2014-08-18,Sales Representative,4,248
6457,Chace Beatrice,2014-09-29,Sales Representative,4,249
6458,Champaigne Brian,2016-09-06,Sales Representative,4,250
6459,Chan Lin,2014-05-12,Sales Representative,4,251
6460,Chang Donovan,2013-07-08,Sales Representative,4,252
6461,Chigurh Anton,2012-05-14,Sales Representative,4,253
6462,Chivukula Enola,2011-06-27,Sales Representative,4,254
6463,Cierpiszewski Caroline,2011-10-03,Sales Representative,4,255
6464,Clayton Rick,2012-09-05,Sales Representative,4,256
6465,Cloninger Jennifer,2011-05-16,Sales Representative,4,257
6466,Close Phil,2010-08-30,Sales Representative,4,258
6467,Clukey Elijian,2016-07-06,Sales Representative,4,259
6468,Cockel James,2013-07-08,Sales Representative,4,260
6469,Cole Spencer,2011-07-11,Sales Representative,4,261
6470,Corleone Michael,2010-07-20,Sales Representative,4,262
6471,Corleone Vito,2009-01-05,Sales Representative,4,263
6472,Cornett Lisa,2015-01-05,Sales Representative,4,264
6473,Costello Frank,2015-03-30,Sales Representative,4,265
6474,Crimmings   Jean,2016-07-06,Sales Representative,4,266
6475,Cross Noah,2014-11-10,Sales Representative,4,267
6476,Daneault Lynn,2014-05-05,Sales Representative,4,268
6477,Daniele Ann,2014-11-10,Sales Representative,4,269
6478,Darson Jene'ya,2012-07-02,Shipping Clerk,4,270
6479,Davis Daniel,2011-11-07,Shipping Clerk,4,271
6480,Dee Randy,2018-07-09,Shipping Clerk,4,272
6481,DeGweck  James,2011-05-16,Shipping Clerk,4,273
6482,"DelBosque, Keyla",2012-01-09,Shipping Clerk,4,274
6483,Delarge Alex,2014-09-29,Shipping Clerk,4,275
6484,Demita Carla,2011-04-04,Shipping Clerk,4,276
6485,Desimone Carl,2014-07-07,Shipping Clerk,4,277
6486,DeVito Tommy,2017-02-15,Shipping Clerk,4,278
6487,Dietrich Jenna,2012-02-20,Shipping Clerk,5,279
6488,DiNocco Lily,2013-01-07,Shipping Clerk,5,280
6489,Dobrin Denisa,2012-04-02,Shipping Clerk,5,281
6490,Dolan Linda,2015-01-05,Shipping Clerk,5,282
6491,Dougall Eric,2014-01-05,Shipping Clerk,5,283
6492,Driver Elle,2011-01-10,Shipping Clerk,5,284
6493,Dunn Amy,2014-09-18,Shipping Clerk,5,285
6494,Dunne Amy,2010-04-26,Shipping Clerk,5,286
6495,Eaton Marianne,2011-04-04,Shipping Clerk,5,287
6496,Engdahl Jean,2014-11-10,Shipping Clerk,5,288
6497,England Rex,2014-03-31,Shipping Clerk,5,289
6498,Erilus Angela,2014-07-07,Stock Clerk,5,290
6499,Estremera Miguel,2012-04-02,Stock Clerk,5,291
6500,Evensen April,2014-02-17,Stock Clerk,5,292
6501,Exantus Susan,2011-05-02,Stock Clerk,5,293
6502,Faller Megan,2014-07-07,Stock Clerk,5,294
6503,Fancett Nicole,2014-02-17,Stock Clerk,5,295
6504,Ferguson Susan,2011-11-07,Stock Clerk,5,296
6505,Fernandes Nilson,2015-05-11,Stock Clerk,5,297
6506,Fett Boba,2015-03-30,Stock Clerk,5,298
6507,Fidelia  Libby,2012-01-09,Stock Clerk,5,299
6508,Fitzpatrick Michael,2011-05-16,Stock Clerk,5,300
6509,Foreman Tanya,2011-04-04,Stock Clerk,5,301
6510,Forrest Alex,2014-09-29,Stock Clerk,5,302
6511,Foss Jason,2011-04-15,Stock Clerk,5,303
6512,FosterBaker Amy,2009-01-05,Stock Clerk,5,304
6513,Fraval Maruk,2011-09-06,Stock Clerk,5,305
6514,Galia Lisa,2010-05-01,Stock Clerk,5,306
6515,Garcia Raul,2015-03-30,Stock Clerk,5,307
6516,Gaul Barbara,2011-05-16,Stock Clerk,5,308
6517,Gentry Mildred,2015-03-30,Stock Clerk,5,309
6518,Gerke Melisa,2011-11-07,Stock Manager,5,310
6519,Gill Whitney,2014-07-07,Stock Manager,5,311
6520,Gilles Alex,2012-04-02,Stock Manager,5,312
6521,Girifalco Evelyn,2014-09-29,Stock Manager,5,313
6522,Givens Myriam,2015-02-16,Stock Manager,5,314
6523,Goble Taisha,2015-02-16,Public Accountant,5,315
6524,Goeth Amon,2015-03-30,Accounting Manager,5,316
6525,Gold Shenice,2013-11-11,Administration Assistant,5,317
6526,Gonzalez Cayo,2011-07-11,President,5,318
6527,Gonzalez Juan,2010-04-26,Administration Vice President,5,319
6528,Gonzalez Maria,2015-01-05,Administration Vice President,5,320
6529,Good Susan,2014-05-12,Accountant,5,321
6530,Gordon David,2012-07-02,Accountant,5,322
6531,Gosciminski Phylicia,2013-09-30,Accountant,6,323
6532,Goyal Roxana,2013-08-19,Accountant,6,324
6533,Gray Elijiah,2015-06-02,Accountant,6,325
6534,Gross Paula,2011-02-21,Finance Manager,6,326
6535,Gruber Hans,2017-04-20,Human Resources Representative,6,327
6536,Guilianno Mike,2012-03-07,Programmer,6,328
6537,Handschiegl Joanne,2011-11-28,Programmer,6,329
6538,Hankard Earnest,2013-11-11,Programmer,6,330
6539,Harrington Christie,2012-01-09,Programmer,6,331
6540,Harrison Kara,2014-05-12,Programmer,6,332
6541,Heitzman Anthony,2012-08-13,Marketing Manager,6,333
6542,Hendrickson Trina,2011-01-10,Marketing Representative,6,334
6543,Hitchcock Alfred,2014-08-18,Public Relations Representative,6,335
6544,Homberger Adrienne,2011-08-15,Purchasing Clerk,6,336
6545,Horton Jayne,2015-03-30,Purchasing Clerk,6,337
6546,Houlihan Debra,2014-05-05,Purchasing Clerk,6,338
6547,Howard Estelle,2015-02-16,Purchasing Clerk,6,339
6548,Hudson Jane,2012-02-20,Purchasing Clerk,6,340
6549,Hunts Julissa,2016-06-06,Purchasing Manager,6,341
6550,Hutter Rosalie,2015-06-05,Sales Manager,6,342
6551,Huynh Ming,2011-02-21,Sales Manager,6,343
6552,Immediato Walter,2011-02-21,Sales Manager,6,344
6553,Ivey Rose,2013-08-19,Sales Manager,6,345
6554,Jackson Maryellen,2012-11-05,Sales Manager,6,346
6555,Jacobi Hannah,2013-09-30,Sales Representative,6,347
6556,Jeannite Tayana,2011-07-05,Sales Representative,6,348
6557,Jhaveri Sneha,2014-01-06,Sales Representative,6,349
6558,Johnson George,2011-11-07,Sales Representative,6,350
6559,Johnson Noelle,2015-01-05,Sales Representative,6,351
6560,Johnston Yen,2014-07-07,Sales Representative,6,352
6561,Jung Judy,2011-01-10,Sales Representative,6,353
6562,Kampew Donysha,2011-11-07,Sales Representative,6,354
6563,Keatts Kramer,2013-09-30,Sales Representative,6,355
6564,Khemmich Bartholemew,2013-08-19,Sales Representative,6,356
6565,King Janet,2012-07-02,Sales Representative,6,357
6566,Kinsella Kathleen,2011-09-26,Sales Representative,6,358
6567,Kirill Alexandra,2011-09-26,Sales Representative,6,359
6568,Knapp Bradley,2014-02-17,Sales Representative,6,360
6569,Kretschmer John,2011-01-10,Sales Representative,6,361
6570,Kreuger Freddy,2011-03-07,Sales Representative,6,362
6571,Lajiri Jyoti,2014-11-10,Sales Representative,6,363
6572,Landa Hans,2011-01-10,Sales Representative,6,364
6573,Langford Lindsey,2013-01-07,Sales Representative,6,365
6574,Langton Enrico,2012-07-09,Sales Representative,6,366
6575,LaRotonda William,2014-01-06,Sales Representative,6,367
6576,Latif Mohammed,2012-04-02,Sales Representative,7,368
6577,Le Binh,2016-10-02,Sales Representative,7,369
6578,Leach Dallas,2011-09-26,Sales Representative,7,370
6579,LeBlanc Brandon,2016-01-05,Sales Representative,7,371
6580,Lecter Hannibal,2012-05-14,Sales Representative,7,372
6581,Leruth Giovanni,2012-04-30,Sales Representative,7,373
6582,Liebig Ketsia,2013-09-30,Sales Representative,7,374
6583,Linares Marilyn,2011-07-05,Sales Representative,7,375
6584,Linden Mathew,2013-07-08,Sales Representative,7,376
6585,Lindsay Leonara,2011-01-21,Shipping Clerk,7,377
6586,Lundy Susan,2013-07-08,Shipping Clerk,7,378
6587,Lunquist Lisa,2013-08-19,Shipping Clerk,7,379
6588,Lydon Allison,2015-02-16,Shipping Clerk,7,380
6589,Lynch Lindsay,2011-11-07,Shipping Clerk,7,381
6590,MacLennan Samuel,2012-09-24,Shipping Clerk,7,382
6591,Mahoney Lauren,2014-01-06,Shipping Clerk,7,383
6592,Manchester Robyn,2016-05-11,Shipping Clerk,7,384
6593,Mancuso Karen,2011-07-05,Shipping Clerk,7,385
6594,Mangal Debbie,2013-11-11,Shipping Clerk,7,386
6595,Martin Sandra,2013-11-11,Shipping Clerk,7,387
6596,Maurice Shana,2011-05-31,Shipping Clerk,7,388
6597,Carthy B'rigit,2015-03-30,Shipping Clerk,7,389
6598,Mckenna Sandy,2013-01-07,Shipping Clerk,7,390
6599,McKinzie Jac,2016-07-06,Shipping Clerk,7,391
6600,Meads Elizabeth,2012-04-02,Shipping Clerk,7,392
6601,Medeiros Jennifer,2015-03-30,Shipping Clerk,7,393
6602,Miller Brannon,2012-08-16,Shipping Clerk,7,394
6603,Miller Ned,2011-08-15,Shipping Clerk,7,395
6604,Monkfish Erasumus,2011-11-07,Shipping Clerk,7,396
6605,Monroe Peter,2012-02-15,Stock Clerk,7,397
6606,Monterro Luisa,2013-05-13,Stock Clerk,7,398
6607,Moran Patrick,2012-01-09,Stock Clerk,7,399
6608,Morway Tanya,2015-02-16,Stock Clerk,7,400
6609,Motlagh  Dawn,2013-04-01,Stock Clerk,7,401
6610,Moumanil Maliki,2013-05-13,Stock Clerk,7,402
6611,Myers Michael,2013-07-08,Stock Clerk,7,403
6612,Navathe Kurt,2017-02-10,Stock Clerk,7,404
6613,Ndzi Colombui,2011-09-26,Stock Clerk,7,405
6614,Ndzi Horia,2013-04-01,Stock Clerk,7,406
6615,Newman Richard,2014-05-12,Stock Clerk,7,407
6616,Ngodup Shari,2013-04-01,Stock Clerk,7,408
6617,Nguyen Dheepa,2013-07-08,Stock Clerk,7,409
6618,Nguyen Lei-Ming,2013-07-08,Stock Clerk,7,410
6619,Nowlan Kristie,2014-11-10,Stock Clerk,7,411
6620,Ohare Lynn,2014-03-31,Stock Clerk,7,412
6621,Oliver Brooke,2012-05-14,Stock Clerk,8,413
6622,Onque Jasmine,2013-09-30,Stock Clerk,8,414
6623,Osturnka Adeel,2013-09-30,Stock Clerk,8,415
6624,Owad Clinton,2014-02-17,Stock Clerk,8,416
6625,Ozark Travis,2015-01-05,Stock Manager,8,417
6626,Panjwani Nina,2011-02-07,Stock Manager,8,418
6627,Patronick Lucas,2011-11-07,Stock Manager,8,419
6628,Pearson Randall,2014-12-01,Stock Manager,8,420
6629,Smith Martin,2011-01-10,Stock Manager,8,421
6630,Pelletier Ermine,2011-07-05,Public Accountant,8,422
6631,Perry Shakira,2011-05-16,Accounting Manager,8,423
6632,Peters Lauren,2011-05-16,Administration Assistant,8,424
6633,Peterson Ebonee,2010-10-25,President,8,425
6634,Petingill Shana,2012-04-02,Administration Vice President,8,426
6635,Petrowsky Thelma,2014-11-10,Administration Vice President,8,427
6636,Pham Hong,2011-07-05,Accountant,8,428
6637,Pitt Brad,2007-11-05,Accountant,8,429
6638,Potts Xana,2012-01-09,Accountant,8,430
6639,Power Morissa,2011-05-16,Accountant,8,431
6640,Punjabhi Louis,2014-01-06,Accountant,8,432
6641,Purinton Janine,2012-09-24,Finance Manager,8,433
6642,Quinn Sean,2011-02-21,Human Resources Representative,8,434
6643,Rachael Maggie,2016-10-02,Programmer,8,435
6644,Rarrick Quinn,2011-09-26,Programmer,8,436
6645,Ren Kylo,2014-05-12,Programmer,8,437
6646,Rhoads Thomas,2011-05-16,Programmer,8,438
6647,Rivera Haley,2011-11-28,Programmer,8,439
6648,Roberson May,2011-09-26,Marketing Manager,8,440
6649,Robertson Peter,2011-07-05,Marketing Representative,8,441
6650,Robinson Alain,2011-01-10,Public Relations Representative,8,442
6651,Robinson Cherly,2011-01-10,Purchasing Clerk,8,443
6652,Robinson Elias,2013-07-08,Purchasing Clerk,8,444
6653,Roby Lori,2015-02-16,Purchasing Clerk,8,445
6654,Roehrich Bianca,2015-01-05,Purchasing Clerk,8,446
6655,Roper Katie,2017-01-07,Purchasing Clerk,8,447
6656,Rose Ashley,2014-01-06,Purchasing Manager,8,448
6657,Rossetti Bruno,2011-04-04,Sales Manager,8,449
6658,RoupSimon,2013-01-20,Sales Manager,8,450
6659,Ruiz Ricardo,2012-01-09,Sales Manager,8,451
6660,Saada Adell,2012-11-05,Sales Manager,8,452
6661,"SaarBeckles, Melinda",2016-07-04,Sales Manager,8,453
6662,Sadki Nore,2009-01-05,Sales Representative,8,454
6663,Sahoo Adil,2010-08-30,Sales Representative,8,455
6664,Salter Jason,2015-01-05,Sales Representative,8,456
6665,Sander Kamrin,2014-09-29,Sales Representative,8,457
6666,Sewkumar Nori,2013-09-30,Sales Representative,9,458
6667,Shepard Anita,2014-09-30,Sales Representative,9,459
6668,Shields Seffi,2013-08-19,Sales Representative,9,460
6669,Simard Kramer,2015-01-05,Sales Representative,9,461
6670,Singh Nan,2015-05-01,Sales Representative,9,462
6671,Sloan Constance,2009-10-26,Sales Representative,9,463
6672,Smith Joe,2014-09-29,Sales Representative,9,464
6673,Smith John,2014-05-18,Sales Representative,9,465
6674,Smith Leigh Ann,2011-09-26,Sales Representative,9,466
6675,Smith Sade,2013-11-11,Sales Representative,9,467
6676,Soto Julia,2011-06-10,Sales Representative,9,468
6677,Soze Keyser,2016-06-30,Sales Representative,9,469
6678,Sparks Taylor,2012-02-20,Sales Representative,9,470
6679,Spirea Kelley,2012-10-02,Sales Representative,9,471
6680,Squatrito Kristen,2013-05-13,Sales Representative,9,472
6681,StanfordBarbara,2011-01-10,Sales Representative,9,473
6682,Stansfield Norman,2014-05-12,Sales Representative,9,474
6683,Steans Tyrone,2014-09-29,Sales Representative,9,475
6684,Stoica Rick,2014-02-17,Sales Representative,9,476
6685,Strong Caitrin,2010-09-27,Sales Representative,9,477
6686,Sullivan Kissy,2009-01-08,Sales Representative,9,478
6687,Sullivan Timothy,2015-01-05,Sales Representative,9,479
6688,Sutwell Barbara,2012-05-14,Sales Representative,9,480
6689,Szabo Andrew,2014-07-07,Sales Representative,9,481
6690,Tannen Biff,2017-04-20,Sales Representative,9,482
6691,Tavares Desiree,2009-04-27,Sales Representative,9,483
6692,Tejeda Lenora,2011-05-16,Shipping Clerk,9,484
6693,Terry Sharlene,2014-09-29,Shipping Clerk,9,485
6694,Theamstern Sophia,2011-07-05,Shipping Clerk,9,486
6695,Thibaud Kenneth,2007-06-25,Shipping Clerk,9,487
6696,Tippett Jeanette,2013-02-18,Shipping Clerk,9,488
6697,Torrence Jack,2006-01-09,Shipping Clerk,9,489
6698,Trang Mei,2014-02-17,Shipping Clerk,9,490
6699,Tredinnick Neville,2015-01-05,Stock Clerk,9,491
6700,True Edward,2013-02-18,Stock Clerk,9,492
6701,Trzeciak Cybil,2011-01-10,Stock Clerk,9,493
6702,Turpin Jumil,2015-03-30,Stock Clerk,9,494
6703,ValentinJackie,2011-07-05,Stock Clerk,9,495
6704,Veera Abdellah,2012-08-13,Stock Clerk,9,496
6705,Vega Vincent,2011-08-01,Stock Manager,9,497
6706,Villanueva Noah,2008-09-11,Stock Manager,9,498
6707,Zima Colleen,2010-02-02,Stock Manager,9,499
6708,Volk Colleen,2000-05-15,Stock Manager,9,500
