Date,ProductID,WarehouseID,OnHand,Reserved,Available,MinimumStock,TargetStock,ReorderQuantity,IssuesLast30Days,UnitCost,StockStatus
2017-12-31,P001,6,37,2,35,78,246,211,178,2867.51,Bajo minimo
2017-12-31,P001,8,73,6,67,21,105,0,107,2867.51,Normal
2017-12-31,P001,9,102,9,93,36,120,0,94,2867.51,Normal
2017-12-31,P002,3,0,0,0,50,190,190,0,2326.27,Sin stock
2017-12-31,P002,7,44,3,41,52,164,123,131,2326.27,Bajo minimo
2017-12-31,P002,8,23,5,18,14,70,0,54,2326.27,Normal
2017-12-31,P003,2,17,2,15,8,36,0,29,2035.18,Normal
2017-12-31,P003,5,61,3,58,52,164,0,113,2035.18,Normal
2017-12-31,P003,6,155,16,139,72,240,0,168,2035.18,Normal
2017-12-31,P004,3,0,0,0,5,33,33,33,2144.4,Sin stock
2017-12-31,P004,4,0,0,0,36,204,204,0,2144.4,Sin stock
2017-12-31,P004,6,93,2,91,27,111,0,116,2144.4,Normal
2017-12-31,P005,3,0,0,0,5,33,33,0,2012.11,Sin stock
2017-12-31,P005,7,79,14,65,70,210,145,141,2012.11,Bajo minimo
2017-12-31,P005,8,106,17,89,60,228,0,237,2012.11,Normal
2017-12-31,P006,2,140,16,124,24,192,0,165,1925.13,Normal
2017-12-31,P006,6,106,2,104,36,204,0,0,1925.13,Normal
2017-12-31,P006,8,28,1,27,16,128,0,112,1925.13,Normal
2017-12-31,P007,3,26,1,25,8,36,0,33,2101.59,Normal
2017-12-31,P007,8,29,0,29,12,124,0,125,2101.59,Normal
2017-12-31,P007,9,35,8,27,48,160,133,136,2101.59,Bajo minimo
2017-12-31,P008,1,0,0,0,60,228,228,0,1780.35,Sin stock
2017-12-31,P008,4,154,12,142,56,168,0,0,1780.35,Normal
2017-12-31,P008,7,50,1,49,52,164,115,120,1780.35,Bajo minimo
2017-12-31,P009,1,32,1,31,18,74,0,62,1793.53,Normal
2017-12-31,P009,3,68,7,61,42,126,0,85,1793.53,Normal
2017-12-31,P009,8,173,6,167,60,200,0,143,1793.53,Normal
2017-12-31,P010,4,160,3,157,55,195,0,162,1940.18,Normal
2017-12-31,P010,6,22,12,10,20,132,122,148,1940.18,Bajo minimo
2017-12-31,P010,9,41,6,35,22,78,0,71,1940.18,Normal
2017-12-31,P011,5,37,4,33,20,76,0,61,1888.33,Normal
2017-12-31,P011,8,19,3,16,12,40,0,31,1888.33,Normal
2017-12-31,P011,9,70,2,68,28,84,0,62,1888.33,Normal
2017-12-31,P012,1,36,0,36,20,76,0,55,1781.47,Normal
2017-12-31,P012,4,15,2,13,20,76,63,66,1781.47,Bajo minimo
2017-12-31,P012,5,194,14,180,66,234,0,188,1781.47,Normal
2017-12-31,P013,1,117,12,105,56,168,0,127,1723.83,Normal
2017-12-31,P013,6,130,5,125,48,160,0,120,1723.83,Normal
2017-12-31,P013,7,0,0,0,24,108,108,0,1723.83,Sin stock
2017-12-31,P014,1,89,5,84,56,168,0,0,1504.08,Normal
2017-12-31,P014,5,76,11,65,24,192,0,166,1504.08,Normal
2017-12-31,P014,6,28,2,26,6,34,0,32,1504.08,Normal
2017-12-31,P015,2,34,0,34,6,62,0,64,1499.26,Normal
2017-12-31,P015,5,8,3,5,20,76,71,54,1499.26,Bajo minimo
2017-12-31,P015,6,106,13,93,35,175,0,129,1499.26,Normal
2017-12-31,P016,1,17,2,15,4,32,0,0,1540.35,Normal
2017-12-31,P016,4,21,3,18,26,82,64,67,1540.35,Bajo minimo
2017-12-31,P016,5,32,3,29,20,76,0,49,1540.35,Normal
2017-12-31,P017,1,0,0,0,44,156,156,0,1671.95,Sin stock
2017-12-31,P017,2,0,0,0,16,128,128,0,1671.95,Sin stock
2017-12-31,P017,3,25,0,25,10,38,0,32,1671.95,Normal
2017-12-31,P018,2,50,7,43,36,120,0,78,1706.95,Normal
2017-12-31,P018,4,48,1,47,24,80,0,52,1706.95,Normal
2017-12-31,P018,6,117,10,107,15,155,0,0,1706.95,Normal
2017-12-31,P019,3,134,3,131,52,164,0,130,1323.12,Normal
2017-12-31,P019,5,0,0,0,30,170,170,125,1323.12,Sin stock
2017-12-31,P019,9,0,0,0,60,228,228,0,1323.12,Sin stock
2017-12-31,P020,3,38,3,35,14,70,0,74,1369.83,Normal
2017-12-31,P020,5,33,9,24,42,126,102,101,1369.83,Bajo minimo
2017-12-31,P020,8,100,0,100,36,204,0,220,1369.83,Normal
2017-12-31,P021,1,0,0,0,15,155,155,133,1496.43,Sin stock
2017-12-31,P021,4,65,1,64,28,84,0,74,1496.43,Normal
2017-12-31,P021,5,56,4,52,20,76,0,54,1496.43,Normal
2017-12-31,P022,3,0,0,0,33,117,117,0,1535.62,Sin stock
2017-12-31,P022,4,3,3,0,5,33,33,30,1535.62,Sin stock
2017-12-31,P022,9,11,0,11,39,123,112,95,1535.62,Bajo minimo
2017-12-31,P023,3,5,3,2,8,64,62,51,1519.85,Bajo minimo
2017-12-31,P023,7,124,15,109,54,222,0,213,1519.85,Normal
2017-12-31,P023,8,0,0,0,8,36,36,0,1519.85,Sin stock
2017-12-31,P024,4,39,1,38,6,62,0,52,1225.59,Normal
2017-12-31,P024,5,17,12,5,16,128,123,93,1225.59,Bajo minimo
2017-12-31,P024,9,64,7,57,33,117,0,80,1225.59,Normal
2017-12-31,P025,1,31,1,30,14,70,0,45,1479.56,Normal
2017-12-31,P025,3,155,11,144,50,190,0,141,1479.56,Normal
2017-12-31,P025,9,101,0,101,84,252,0,195,1479.56,Normal
2017-12-31,P026,1,165,5,160,45,185,0,126,1453.94,Normal
2017-12-31,P026,7,0,0,0,35,175,175,0,1453.94,Sin stock
2017-12-31,P026,8,0,0,0,8,64,64,0,1453.94,Sin stock
2017-12-31,P027,1,100,0,100,33,117,0,90,1479.95,Normal
2017-12-31,P027,3,80,7,73,18,102,0,99,1479.95,Normal
2017-12-31,P027,9,114,10,104,55,195,0,127,1479.95,Normal
2017-12-31,P028,1,17,0,17,24,136,119,128,1365.13,Bajo minimo
2017-12-31,P028,4,21,0,21,6,34,0,29,1365.13,Normal
2017-12-31,P028,6,26,2,24,36,148,124,132,1365.13,Bajo minimo
2017-12-31,P029,5,174,14,160,84,252,0,142,1166.89,Normal
2017-12-31,P029,7,44,9,35,12,96,0,79,1166.89,Normal
2017-12-31,P029,8,14,3,11,16,72,61,76,1166.89,Bajo minimo
2017-12-31,P030,1,0,0,0,60,200,200,0,1052.92,Sin stock
2017-12-31,P030,6,52,2,50,16,72,0,48,1052.92,Normal
2017-12-31,P030,7,168,9,159,50,190,0,153,1052.92,Normal
2017-12-31,P031,1,0,0,0,5,33,33,0,1266.37,Sin stock
2017-12-31,P031,2,0,0,0,24,136,136,0,1266.37,Sin stock
2017-12-31,P031,5,40,6,34,30,170,0,131,1266.37,Normal
2017-12-31,P032,1,95,11,84,65,205,0,152,1194.03,Normal
2017-12-31,P032,4,31,8,23,50,190,167,174,1194.03,Bajo minimo
2017-12-31,P032,9,0,0,0,40,152,152,0,1194.03,Sin stock
2017-12-31,P033,6,168,7,161,36,204,0,187,1041.99,Normal
2017-12-31,P033,7,126,2,124,20,160,0,0,1041.99,Normal
2017-12-31,P033,9,70,7,63,12,124,0,101,1041.99,Normal
2017-12-31,P034,4,48,0,48,56,168,120,125,902.18,Bajo minimo
2017-12-31,P034,5,23,2,21,72,240,219,194,902.18,Bajo minimo
2017-12-31,P034,6,0,0,0,9,93,93,0,902.18,Sin stock
2017-12-31,P035,5,55,2,53,24,108,0,76,961.11,Normal
2017-12-31,P035,6,91,9,82,56,168,0,139,961.11,Normal
2017-12-31,P035,8,62,3,59,42,126,0,87,961.11,Normal
2017-12-31,P036,3,0,0,0,28,140,140,0,906.63,Sin stock
2017-12-31,P036,6,125,14,111,30,198,0,193,906.63,Normal
2017-12-31,P036,7,127,3,124,30,170,0,140,906.63,Normal
2017-12-31,P037,1,3,0,3,21,105,102,86,1072.79,Bajo minimo
2017-12-31,P037,4,0,0,0,50,190,190,0,1072.79,Sin stock
2017-12-31,P037,6,15,0,15,7,35,0,27,1072.79,Normal
2017-12-31,P038,4,0,0,0,8,64,64,0,945.11,Sin stock
2017-12-31,P038,6,7,3,4,10,38,34,28,945.11,Bajo minimo
2017-12-31,P038,9,24,4,20,33,117,97,80,945.11,Bajo minimo
2017-12-31,P039,2,0,0,0,78,246,246,0,869.03,Sin stock
2017-12-31,P039,5,87,2,85,18,102,0,89,869.03,Normal
2017-12-31,P039,6,0,0,0,8,64,64,66,869.03,Sin stock
2017-12-31,P040,1,47,1,46,18,102,0,87,855.82,Normal
2017-12-31,P040,2,67,3,64,24,80,0,60,855.82,Normal
2017-12-31,P040,9,81,10,71,28,140,0,143,855.82,Normal
2017-12-31,P041,1,20,2,18,9,37,0,39,914.52,Normal
2017-12-31,P041,2,31,2,29,6,62,0,61,914.52,Normal
2017-12-31,P041,3,82,5,77,20,132,0,114,914.52,Normal
2017-12-31,P042,1,134,8,126,44,156,0,99,779.17,Normal
2017-12-31,P042,4,219,1,218,66,234,0,0,779.17,Normal
2017-12-31,P042,8,50,5,45,44,156,0,0,779.17,Normal
2017-12-31,P043,5,66,0,66,30,114,0,87,865.59,Normal
2017-12-31,P043,6,0,0,0,48,160,160,0,865.59,Sin stock
2017-12-31,P043,8,23,8,15,18,102,87,91,865.59,Bajo minimo
2017-12-31,P044,2,19,3,16,16,128,0,113,787.72,Normal
2017-12-31,P044,5,98,8,90,28,140,0,107,787.72,Normal
2017-12-31,P044,7,27,3,24,26,82,58,60,787.72,Bajo minimo
2017-12-31,P045,1,14,0,14,12,40,0,28,879.8,Normal
2017-12-31,P045,2,21,3,18,20,76,58,58,879.8,Bajo minimo
2017-12-31,P045,9,100,9,91,56,168,0,130,879.8,Normal
2017-12-31,P046,5,0,0,0,26,82,82,0,799.98,Sin stock
2017-12-31,P046,7,0,0,0,16,72,72,0,799.98,Sin stock
2017-12-31,P046,9,74,2,72,15,99,0,89,799.98,Normal
2017-12-31,P047,2,110,1,109,20,132,0,108,738.71,Normal
2017-12-31,P047,5,0,0,0,12,124,124,0,738.71,Sin stock
2017-12-31,P047,9,50,0,50,28,84,0,55,738.71,Normal
2017-12-31,P048,1,24,1,23,27,111,88,71,668.24,Bajo minimo
2017-12-31,P048,6,116,7,109,50,190,0,166,668.24,Normal
2017-12-31,P048,9,109,8,101,56,168,0,128,668.24,Normal
2017-12-31,P049,7,132,0,132,32,144,0,111,737.68,Normal
2017-12-31,P049,8,79,2,77,12,96,0,102,737.68,Normal
2017-12-31,P049,9,0,0,0,7,35,35,0,737.68,Sin stock
2017-12-31,P050,2,12,2,10,24,136,126,105,792.89,Bajo minimo
2017-12-31,P050,4,57,2,55,21,105,0,74,792.89,Normal
2017-12-31,P050,9,0,0,0,40,180,180,0,792.89,Sin stock
2017-12-31,P051,6,57,6,51,14,70,0,59,620.28,Normal
2017-12-31,P051,8,83,4,79,60,200,0,167,620.28,Normal
2017-12-31,P051,9,45,8,37,40,152,115,109,620.28,Bajo minimo
2017-12-31,P052,1,25,9,16,18,186,170,165,651.92,Bajo minimo
2017-12-31,P052,2,96,8,88,78,246,0,198,651.92,Normal
2017-12-31,P052,8,148,17,131,78,246,0,152,651.92,Normal
2017-12-31,P053,2,17,3,14,8,36,0,27,573.41,Normal
2017-12-31,P053,5,33,7,26,28,140,114,118,573.41,Bajo minimo
2017-12-31,P053,6,176,0,176,78,246,0,172,573.41,Normal
2017-12-31,P054,3,75,5,70,55,195,0,130,714.15,Normal
2017-12-31,P054,5,85,3,82,28,140,0,137,714.15,Normal
2017-12-31,P054,7,20,11,9,18,186,177,182,714.15,Bajo minimo
2017-12-31,P055,4,68,2,66,24,80,0,62,581.16,Normal
2017-12-31,P055,6,0,0,0,12,124,124,0,581.16,Sin stock
2017-12-31,P055,7,151,12,139,60,228,0,169,581.16,Normal
2017-12-31,P056,1,10,0,10,12,40,30,26,567.81,Bajo minimo
2017-12-31,P056,4,77,4,73,44,156,0,123,567.81,Normal
2017-12-31,P056,9,50,0,50,55,195,145,154,567.81,Bajo minimo
2017-12-31,P057,1,60,8,52,24,108,0,90,563.7,Normal
2017-12-31,P057,2,50,9,41,15,99,0,88,563.7,Normal
2017-12-31,P057,4,6,6,0,15,155,155,167,563.7,Sin stock
2017-12-31,P058,3,25,2,23,12,40,0,37,511.1,Normal
2017-12-31,P058,5,15,2,13,11,39,0,24,511.1,Normal
2017-12-31,P058,9,54,1,53,36,204,0,205,511.1,Normal
2017-12-31,P059,4,40,2,38,16,72,0,60,509.32,Normal
2017-12-31,P059,6,0,0,0,15,99,99,73,509.32,Sin stock
2017-12-31,P059,9,7,2,5,12,96,91,96,509.32,Bajo minimo
2017-12-31,P060,4,46,8,38,18,186,0,151,528.95,Normal
2017-12-31,P060,5,102,10,92,36,148,0,118,528.95,Normal
2017-12-31,P060,7,123,1,122,35,175,0,158,528.95,Normal
2017-12-31,P061,2,120,12,108,30,170,0,178,499.96,Normal
2017-12-31,P061,4,6,3,3,13,41,38,28,499.96,Bajo minimo
2017-12-31,P061,9,49,0,49,32,144,0,142,499.96,Normal
2017-12-31,P062,6,55,4,51,10,66,0,54,527.69,Normal
2017-12-31,P062,7,102,6,96,40,152,0,100,527.69,Normal
2017-12-31,P062,9,121,0,121,44,156,0,0,527.69,Normal
2017-12-31,P063,2,0,0,0,18,186,186,159,461.92,Sin stock
2017-12-31,P063,3,59,4,55,42,126,0,101,461.92,Normal
2017-12-31,P063,8,181,1,180,70,210,0,173,461.92,Normal
2017-12-31,P064,1,3,0,3,18,74,71,58,545.19,Bajo minimo
2017-12-31,P064,3,2,1,1,36,148,147,140,545.19,Bajo minimo
2017-12-31,P064,5,48,4,44,27,111,0,101,545.19,Normal
2017-12-31,P065,1,0,0,0,12,124,124,128,535.47,Sin stock
2017-12-31,P065,2,11,1,10,12,40,30,31,535.47,Bajo minimo
2017-12-31,P065,5,94,10,84,60,200,0,163,535.47,Normal
2017-12-31,P066,1,6,2,4,5,33,29,30,453.14,Bajo minimo
2017-12-31,P066,3,85,12,73,28,140,0,129,453.14,Normal
2017-12-31,P066,7,24,13,11,55,195,184,178,453.14,Bajo minimo
2017-12-31,P067,3,91,0,91,44,156,0,140,421.9,Normal
2017-12-31,P067,6,0,0,0,7,35,35,0,421.9,Sin stock
2017-12-31,P067,8,28,6,22,27,111,89,89,421.9,Bajo minimo
2017-12-31,P068,6,73,1,72,44,156,0,123,493.48,Normal
2017-12-31,P068,8,10,6,4,22,78,74,70,493.48,Bajo minimo
2017-12-31,P068,9,88,3,85,60,200,0,156,493.48,Normal
2017-12-31,P069,1,22,0,22,7,35,0,31,399.77,Normal
2017-12-31,P069,3,72,2,70,26,82,0,55,399.77,Normal
2017-12-31,P069,8,169,1,168,60,200,0,134,399.77,Normal
2017-12-31,P070,1,35,0,35,6,62,0,60,481.56,Normal
2017-12-31,P070,4,0,0,0,8,36,36,0,481.56,Sin stock
2017-12-31,P070,8,113,7,106,52,164,0,0,481.56,Normal
2017-12-31,P071,1,86,1,85,40,180,0,136,4058.99,Normal
2017-12-31,P071,2,122,9,113,60,200,0,144,4058.99,Normal
2017-12-31,P071,6,38,3,35,24,108,0,99,4058.99,Normal
2017-12-31,P072,2,18,1,17,11,39,0,37,3619.14,Normal
2017-12-31,P072,5,49,6,43,39,123,0,78,3619.14,Normal
2017-12-31,P072,8,157,11,146,84,252,0,203,3619.14,Normal
2017-12-31,P073,4,21,4,17,9,93,0,73,2505.04,Normal
2017-12-31,P073,5,56,7,49,48,160,0,137,2505.04,Normal
2017-12-31,P073,6,0,0,0,9,37,37,0,2505.04,Sin stock
2017-12-31,P074,6,0,0,0,78,246,246,0,2785.55,Sin stock
2017-12-31,P074,7,0,0,0,18,186,186,0,2785.55,Sin stock
2017-12-31,P074,8,46,6,40,12,96,0,77,2785.55,Normal
2017-12-31,P075,2,14,9,5,18,102,97,79,2628.06,Bajo minimo
2017-12-31,P075,5,30,4,26,28,84,58,59,2628.06,Bajo minimo
2017-12-31,P075,6,58,3,55,22,78,0,53,2628.06,Normal
2017-12-31,P076,4,74,6,68,28,84,0,55,2483.38,Normal
2017-12-31,P076,5,61,12,49,24,136,0,0,2483.38,Normal
2017-12-31,P076,8,0,0,0,30,198,198,0,2483.38,Sin stock
2017-12-31,P077,6,85,1,84,21,105,0,97,2313.07,Normal
2017-12-31,P077,7,0,0,0,12,124,124,0,2313.07,Sin stock
2017-12-31,P077,8,123,1,122,44,156,0,114,2313.07,Normal
2017-12-31,P078,4,27,2,25,24,136,0,121,2128.67,Normal
2017-12-31,P078,5,0,0,0,9,93,93,0,2128.67,Sin stock
2017-12-31,P078,9,45,0,45,36,120,0,105,2128.67,Normal
2017-12-31,P079,1,58,0,58,42,126,0,96,1740.31,Normal
2017-12-31,P079,2,71,7,64,15,155,0,128,1740.31,Normal
2017-12-31,P079,4,72,12,60,84,252,192,188,1740.31,Bajo minimo
2017-12-31,P080,2,39,2,37,33,117,0,105,1602.21,Normal
2017-12-31,P080,5,0,0,0,55,195,195,0,1602.21,Sin stock
2017-12-31,P080,9,52,2,50,9,93,0,74,1602.21,Normal
2017-12-31,P081,1,89,0,89,65,205,0,120,1715.91,Normal
2017-12-31,P081,3,27,2,25,24,108,0,89,1715.91,Normal
2017-12-31,P081,6,0,0,0,9,37,37,0,1715.91,Sin stock
2017-12-31,P082,1,175,4,171,48,216,0,182,1328.03,Normal
2017-12-31,P082,3,37,3,34,18,74,0,50,1328.03,Normal
2017-12-31,P082,8,81,5,76,44,156,0,107,1328.03,Normal
2017-12-31,P083,6,26,2,24,8,36,0,31,1268.42,Normal
2017-12-31,P083,7,163,5,158,65,205,0,137,1268.42,Normal
2017-12-31,P083,9,85,9,76,48,160,0,101,1268.42,Normal
2017-12-31,P084,1,25,2,23,5,33,0,27,1237.04,Normal
2017-12-31,P084,2,0,0,0,20,76,76,0,1237.04,Sin stock
2017-12-31,P084,9,65,13,52,45,185,0,152,1237.04,Normal
2017-12-31,P085,1,0,0,0,72,240,240,0,1343.84,Sin stock
2017-12-31,P085,4,93,13,80,15,155,0,138,1343.84,Normal
2017-12-31,P085,8,87,0,87,18,102,0,77,1343.84,Normal
2017-12-31,P086,4,140,8,132,60,200,0,150,1129.39,Normal
2017-12-31,P086,7,201,8,193,66,234,0,167,1129.39,Normal
2017-12-31,P086,9,26,0,26,6,62,0,72,1129.39,Normal
2017-12-31,P087,2,137,12,125,54,222,0,186,936.42,Normal
2017-12-31,P087,6,101,3,98,36,120,0,84,936.42,Normal
2017-12-31,P087,9,48,14,34,36,204,170,164,936.42,Bajo minimo
2017-12-31,P088,3,20,4,16,18,74,58,75,706.99,Bajo minimo
2017-12-31,P088,6,105,18,87,78,246,0,204,706.99,Normal
2017-12-31,P088,8,58,2,56,44,156,0,103,706.99,Normal
2017-12-31,P089,6,0,0,0,52,164,164,0,760.59,Sin stock
2017-12-31,P089,8,106,6,100,56,168,0,125,760.59,Normal
2017-12-31,P089,9,29,3,26,7,35,0,33,760.59,Normal
2017-12-31,P090,1,3,2,1,3,31,30,28,799.05,Bajo minimo
2017-12-31,P090,5,11,3,8,8,36,0,32,799.05,Normal
2017-12-31,P090,8,65,0,65,24,136,0,105,799.05,Normal
2017-12-31,P091,1,183,3,180,54,222,0,192,781.91,Normal
2017-12-31,P091,2,79,8,71,39,123,0,93,781.91,Normal
2017-12-31,P091,6,36,1,35,18,74,0,58,781.91,Normal
2017-12-31,P092,1,0,0,0,66,234,234,0,688.35,Sin stock
2017-12-31,P092,4,37,12,25,66,234,209,171,688.35,Bajo minimo
2017-12-31,P092,6,2,2,0,8,36,36,28,688.35,Sin stock
2017-12-31,P093,4,90,9,81,15,155,0,147,696.14,Normal
2017-12-31,P093,5,0,0,0,35,175,175,0,696.14,Sin stock
2017-12-31,P093,9,41,3,38,45,185,147,196,696.14,Bajo minimo
2017-12-31,P094,4,23,2,21,33,117,96,73,742.94,Bajo minimo
2017-12-31,P094,5,40,6,34,21,105,0,91,742.94,Normal
2017-12-31,P094,8,26,3,23,14,42,0,32,742.94,Normal
2017-12-31,P095,5,0,0,0,18,74,74,0,702.35,Sin stock
2017-12-31,P095,6,53,5,48,24,80,0,58,702.35,Normal
2017-12-31,P095,8,0,0,0,42,126,126,0,702.35,Sin stock
2017-12-31,P096,1,26,5,21,18,186,0,164,753.18,Normal
2017-12-31,P096,6,67,2,65,21,105,0,96,753.18,Normal
2017-12-31,P096,7,86,13,73,60,228,0,143,753.18,Normal
2017-12-31,P097,1,0,0,0,16,72,72,0,691.13,Sin stock
2017-12-31,P097,6,25,4,21,24,136,115,122,691.13,Bajo minimo
2017-12-31,P097,7,24,5,19,42,126,107,106,691.13,Bajo minimo
2017-12-31,P098,1,0,0,0,21,105,105,0,725,Sin stock
2017-12-31,P098,4,69,4,65,36,148,0,124,725,Normal
2017-12-31,P098,7,135,6,129,52,164,0,0,725,Normal
2017-12-31,P099,3,136,9,127,48,160,0,0,596.05,Normal
2017-12-31,P099,5,2,0,2,3,31,29,31,596.05,Bajo minimo
2017-12-31,P099,8,68,1,67,26,82,0,61,596.05,Normal
2017-12-31,P100,2,15,1,14,24,136,122,111,580.42,Bajo minimo
2017-12-31,P100,3,0,0,0,3,31,31,0,580.42,Sin stock
2017-12-31,P100,6,0,0,0,22,78,78,0,580.42,Sin stock
2017-12-31,P101,2,116,10,106,84,252,0,186,663.54,Normal
2017-12-31,P101,3,3,3,0,40,180,180,186,663.54,Sin stock
2017-12-31,P101,7,53,0,53,20,76,0,62,663.54,Normal
2017-12-31,P102,4,0,0,0,24,136,136,0,691.32,Sin stock
2017-12-31,P102,5,25,6,19,24,80,61,58,691.32,Bajo minimo
2017-12-31,P102,8,135,2,133,40,180,0,170,691.32,Normal
2017-12-31,P103,3,0,0,0,8,36,36,0,573.51,Sin stock
2017-12-31,P103,7,131,15,116,48,216,0,170,573.51,Normal
2017-12-31,P103,8,138,5,133,40,180,0,157,573.51,Normal
2017-12-31,P104,4,15,13,2,35,175,173,172,715.72,Bajo minimo
2017-12-31,P104,6,125,0,125,30,198,0,172,715.72,Normal
2017-12-31,P104,8,8,2,6,20,76,70,59,715.72,Bajo minimo
2017-12-31,P105,2,0,0,0,42,210,210,0,682.09,Sin stock
2017-12-31,P105,4,60,4,56,48,160,0,148,682.09,Normal
2017-12-31,P105,9,180,8,172,48,216,0,188,682.09,Normal
2017-12-31,P106,2,4,1,3,5,33,30,29,688.35,Bajo minimo
2017-12-31,P106,3,104,5,99,25,165,0,143,688.35,Normal
2017-12-31,P106,9,21,1,20,12,124,0,127,688.35,Normal
2017-12-31,P107,5,0,0,0,6,62,62,68,551.62,Sin stock
2017-12-31,P107,6,195,10,185,72,240,0,209,551.62,Normal
2017-12-31,P107,7,0,0,0,20,160,160,0,551.62,Sin stock
2017-12-31,P108,3,98,10,88,20,132,0,140,644.19,Normal
2017-12-31,P108,4,55,4,51,24,80,0,52,644.19,Normal
2017-12-31,P108,7,0,0,0,72,240,240,0,644.19,Sin stock
2017-12-31,P109,5,66,5,61,24,136,0,139,594.46,Normal
2017-12-31,P109,6,61,0,61,39,123,0,91,594.46,Normal
2017-12-31,P109,8,72,4,68,35,175,0,151,594.46,Normal
2017-12-31,P110,4,23,9,14,30,114,100,97,666.59,Bajo minimo
2017-12-31,P110,5,0,0,0,30,198,198,0,666.59,Sin stock
2017-12-31,P110,7,0,0,0,14,70,70,73,666.59,Sin stock
2017-12-31,P111,2,6,2,4,5,33,29,29,535.03,Bajo minimo
2017-12-31,P111,6,87,7,80,40,152,0,124,535.03,Normal
2017-12-31,P111,8,35,5,30,24,108,0,98,535.03,Normal
2017-12-31,P112,5,0,0,0,65,205,205,0,580.1,Sin stock
2017-12-31,P112,7,197,13,184,72,240,0,191,580.1,Normal
2017-12-31,P112,8,76,5,71,33,117,0,93,580.1,Normal
2017-12-31,P113,2,0,0,0,10,66,66,0,600.92,Sin stock
2017-12-31,P113,5,84,12,72,16,128,0,100,600.92,Normal
2017-12-31,P113,8,112,5,107,56,168,0,114,600.92,Normal
2017-12-31,P114,3,38,3,35,27,111,0,108,598.25,Normal
2017-12-31,P114,4,56,17,39,78,246,207,201,598.25,Bajo minimo
2017-12-31,P114,6,5,0,5,6,34,29,30,598.25,Bajo minimo
2017-12-31,P115,1,28,2,26,14,42,0,34,633.29,Normal
2017-12-31,P115,6,0,0,0,20,132,132,139,633.29,Sin stock
2017-12-31,P115,9,16,1,15,3,31,0,28,633.29,Normal
2017-12-31,P116,1,3,2,1,40,180,179,157,592.12,Bajo minimo
2017-12-31,P116,3,104,11,93,16,128,0,127,592.12,Normal
2017-12-31,P116,8,36,2,34,12,40,0,0,592.12,Normal
2017-12-31,P117,4,2,1,1,12,96,95,94,539.98,Bajo minimo
2017-12-31,P117,7,5,5,0,9,93,93,77,539.98,Sin stock
2017-12-31,P117,8,82,3,79,40,180,0,149,539.98,Normal
2017-12-31,P118,3,76,8,68,40,152,0,113,605.3,Normal
2017-12-31,P118,6,88,2,86,39,123,0,0,605.3,Normal
2017-12-31,P118,8,47,4,43,66,234,191,207,605.3,Bajo minimo
2017-12-31,P119,1,0,0,0,36,204,204,0,521.03,Sin stock
2017-12-31,P119,8,0,0,0,18,186,186,0,521.03,Sin stock
2017-12-31,P119,9,59,6,53,20,76,0,67,521.03,Normal
2017-12-31,P120,1,69,5,64,30,114,0,82,555.07,Normal
2017-12-31,P120,6,0,0,0,42,210,210,0,555.07,Sin stock
2017-12-31,P120,8,46,4,42,9,93,0,70,555.07,Normal
2017-12-31,P121,1,125,2,123,50,190,0,139,1139.23,Normal
2017-12-31,P121,2,28,1,27,3,31,0,31,1139.23,Normal
2017-12-31,P121,3,105,3,102,16,128,0,121,1139.23,Normal
2017-12-31,P122,3,85,4,81,24,108,0,91,1330.26,Normal
2017-12-31,P122,4,132,4,128,50,190,0,126,1330.26,Normal
2017-12-31,P122,5,36,2,34,8,64,0,56,1330.26,Normal
2017-12-31,P123,2,44,1,43,18,186,0,199,1051.97,Normal
2017-12-31,P123,4,38,5,33,52,164,131,132,1051.97,Bajo minimo
2017-12-31,P123,5,0,0,0,21,105,105,0,1051.97,Sin stock
2017-12-31,P124,1,74,1,73,30,114,0,91,1163.49,Normal
2017-12-31,P124,7,57,4,53,42,210,0,163,1163.49,Normal
2017-12-31,P124,9,158,9,149,45,185,0,131,1163.49,Normal
2017-12-31,P125,5,21,1,20,10,38,0,0,1174.36,Normal
2017-12-31,P125,6,0,0,0,3,31,31,28,1174.36,Sin stock
2017-12-31,P125,9,67,3,64,24,80,0,50,1174.36,Normal
2017-12-31,P126,1,19,1,18,10,38,0,21,1139.87,Normal
2017-12-31,P126,7,165,4,161,55,195,0,172,1139.87,Normal
2017-12-31,P126,8,4,1,3,25,165,162,164,1139.87,Bajo minimo
2017-12-31,P127,1,57,2,55,33,117,0,89,1131.68,Normal
2017-12-31,P127,4,45,1,44,42,126,0,87,1131.68,Normal
2017-12-31,P127,8,92,8,84,32,144,0,104,1131.68,Normal
2017-12-31,P128,3,31,16,15,48,216,201,170,912.98,Bajo minimo
2017-12-31,P128,5,12,2,10,8,36,0,0,912.98,Normal
2017-12-31,P128,9,0,0,0,30,198,198,0,912.98,Sin stock
2017-12-31,P129,6,9,4,5,12,68,63,55,1068.66,Bajo minimo
2017-12-31,P129,7,57,4,53,12,124,0,127,1068.66,Normal
2017-12-31,P129,8,19,2,17,8,36,0,36,1068.66,Normal
2017-12-31,P130,4,92,16,76,42,210,0,180,1019.51,Normal
2017-12-31,P130,5,0,0,0,14,42,42,0,1019.51,Sin stock
2017-12-31,P130,6,68,8,60,30,198,0,201,1019.51,Normal
2017-12-31,P131,1,0,0,0,28,140,140,114,1002.47,Sin stock
2017-12-31,P131,2,60,2,58,16,72,0,54,1002.47,Normal
2017-12-31,P131,4,0,0,0,54,222,222,0,1002.47,Sin stock
2017-12-31,P132,2,0,0,0,18,102,102,0,867.52,Sin stock
2017-12-31,P132,3,0,0,0,12,96,96,77,867.52,Sin stock
2017-12-31,P132,8,49,0,49,6,62,0,52,867.52,Normal
2017-12-31,P133,1,111,4,107,40,152,0,94,821.91,Normal
2017-12-31,P133,2,0,0,0,15,155,155,0,821.91,Sin stock
2017-12-31,P133,6,0,0,0,30,198,198,0,821.91,Sin stock
2017-12-31,P134,3,73,1,72,33,117,0,97,836.03,Normal
2017-12-31,P134,7,147,9,138,78,246,0,155,836.03,Normal
2017-12-31,P134,8,4,2,2,5,33,31,29,836.03,Bajo minimo
2017-12-31,P135,3,47,3,44,22,78,0,65,708.91,Normal
2017-12-31,P135,7,59,2,57,33,117,0,0,708.91,Normal
2017-12-31,P135,8,73,3,70,28,84,0,54,708.91,Normal
2017-12-31,P136,4,4,3,1,5,33,32,31,580.33,Bajo minimo
2017-12-31,P136,5,14,1,13,22,78,65,57,580.33,Bajo minimo
2017-12-31,P136,6,0,0,0,16,128,128,0,580.33,Sin stock
2017-12-31,P137,1,73,4,69,28,84,0,58,596.25,Normal
2017-12-31,P137,5,15,1,14,24,108,94,98,596.25,Bajo minimo
2017-12-31,P137,7,88,7,81,24,108,0,88,596.25,Normal
2017-12-31,P138,4,0,0,0,7,35,35,0,700.5,Sin stock
2017-12-31,P138,5,53,9,44,33,117,0,89,700.5,Normal
2017-12-31,P138,9,28,4,24,50,190,166,130,700.5,Bajo minimo
2017-12-31,P139,1,0,0,0,18,102,102,88,622.47,Sin stock
2017-12-31,P139,5,45,1,44,12,96,0,81,622.47,Normal
2017-12-31,P139,6,85,7,78,54,222,0,151,622.47,Normal
2017-12-31,P140,3,0,0,0,24,108,108,0,604.04,Sin stock
2017-12-31,P140,8,0,0,0,16,128,128,0,604.04,Sin stock
2017-12-31,P140,9,0,0,0,8,36,36,0,604.04,Sin stock
2017-12-31,P141,2,17,9,8,28,140,132,114,594.04,Bajo minimo
2017-12-31,P141,5,26,2,24,3,31,0,22,594.04,Normal
2017-12-31,P141,9,28,2,26,7,35,0,34,594.04,Normal
2017-12-31,P142,7,182,0,182,70,210,0,136,590.13,Normal
2017-12-31,P142,8,84,5,79,12,124,0,0,590.13,Normal
2017-12-31,P142,9,21,1,20,28,84,64,66,590.13,Bajo minimo
2017-12-31,P143,3,63,5,58,12,96,0,81,647.83,Normal
2017-12-31,P143,6,67,6,61,28,84,0,54,647.83,Normal
2017-12-31,P143,9,123,8,115,20,160,0,167,647.83,Normal
2017-12-31,P144,2,45,4,41,18,74,0,61,556.8,Normal
2017-12-31,P144,3,1,0,1,42,210,209,169,556.8,Bajo minimo
2017-12-31,P144,8,28,5,23,24,80,57,59,556.8,Bajo minimo
2017-12-31,P145,1,42,7,35,18,186,0,178,609.89,Normal
2017-12-31,P145,5,145,11,134,15,155,0,0,609.89,Normal
2017-12-31,P145,9,0,0,0,13,41,41,0,609.89,Sin stock
2017-12-31,P146,3,18,2,16,32,144,128,112,650.48,Bajo minimo
2017-12-31,P146,5,28,0,28,8,64,0,59,650.48,Normal
2017-12-31,P146,7,160,2,158,60,228,0,169,650.48,Normal
2017-12-31,P147,2,25,6,19,21,105,86,88,609.53,Bajo minimo
2017-12-31,P147,5,143,1,142,52,164,0,95,609.53,Normal
2017-12-31,P147,8,0,0,0,10,66,66,0,609.53,Sin stock
2017-12-31,P148,5,26,4,22,21,105,0,83,565.39,Normal
2017-12-31,P148,6,0,0,0,8,36,36,0,565.39,Sin stock
2017-12-31,P148,9,152,12,140,42,210,0,216,565.39,Normal
2017-12-31,P149,1,88,1,87,54,222,0,182,601.56,Normal
2017-12-31,P149,3,78,9,69,21,105,0,115,601.56,Normal
2017-12-31,P149,9,46,1,45,28,84,0,55,601.56,Normal
2017-12-31,P150,3,172,11,161,24,192,0,0,532.27,Normal
2017-12-31,P150,4,31,3,28,12,96,0,80,532.27,Normal
2017-12-31,P150,8,62,0,62,26,82,0,0,532.27,Normal
2017-12-31,P151,3,68,0,68,28,84,0,57,603.22,Normal
2017-12-31,P151,5,14,1,13,14,42,29,23,603.22,Bajo minimo
2017-12-31,P151,9,0,0,0,18,74,74,0,603.22,Sin stock
2017-12-31,P152,1,123,9,114,44,156,0,0,616.53,Normal
2017-12-31,P152,2,105,9,96,45,185,0,171,616.53,Normal
2017-12-31,P152,5,34,12,22,20,132,0,128,616.53,Normal
2017-12-31,P153,1,104,10,94,70,210,0,158,538.55,Normal
2017-12-31,P153,4,0,0,0,24,80,80,0,538.55,Sin stock
2017-12-31,P153,6,0,0,0,42,210,210,0,538.55,Sin stock
2017-12-31,P154,1,0,0,0,60,228,228,0,585.26,Sin stock
2017-12-31,P154,7,12,3,9,4,32,0,27,585.26,Normal
2017-12-31,P154,9,199,2,197,78,246,0,183,585.26,Normal
2017-12-31,P155,1,0,0,0,3,31,31,28,533.21,Sin stock
2017-12-31,P155,4,0,0,0,54,222,222,0,533.21,Sin stock
2017-12-31,P155,9,0,0,0,45,185,185,0,533.21,Sin stock
2017-12-31,P156,5,8,2,6,10,38,32,25,580.21,Bajo minimo
2017-12-31,P156,6,26,6,20,22,78,58,73,580.21,Bajo minimo
2017-12-31,P156,7,0,0,0,52,164,164,0,580.21,Sin stock
2017-12-31,P157,1,144,0,144,24,192,0,156,618.63,Normal
2017-12-31,P157,2,16,0,16,20,76,60,54,618.63,Bajo minimo
2017-12-31,P157,9,8,1,7,6,34,0,29,618.63,Normal
2017-12-31,P158,3,44,0,44,84,252,208,182,633.65,Bajo minimo
2017-12-31,P158,5,34,6,28,20,160,0,164,633.65,Normal
2017-12-31,P158,8,35,2,33,11,39,0,22,633.65,Normal
2017-12-31,P159,3,43,4,39,36,148,0,148,565.73,Normal
2017-12-31,P159,6,109,16,93,84,252,0,149,565.73,Normal
2017-12-31,P159,7,2,0,2,8,36,34,38,565.73,Bajo minimo
2017-12-31,P160,2,221,8,213,60,228,0,0,578.46,Normal
2017-12-31,P160,3,110,9,101,42,126,0,77,578.46,Normal
2017-12-31,P160,6,12,3,9,12,68,59,61,578.46,Bajo minimo
2017-12-31,P161,3,33,2,31,65,205,174,146,595.42,Bajo minimo
2017-12-31,P161,4,54,0,54,32,144,0,122,595.42,Normal
2017-12-31,P161,5,0,0,0,9,37,37,0,595.42,Sin stock
2017-12-31,P162,3,10,5,5,22,78,73,59,617.62,Bajo minimo
2017-12-31,P162,7,144,15,129,48,216,0,196,617.62,Normal
2017-12-31,P162,9,7,3,4,5,33,29,39,617.62,Bajo minimo
2017-12-31,P163,1,150,15,135,60,228,0,176,577.25,Normal
2017-12-31,P163,2,94,7,87,42,126,0,100,577.25,Normal
2017-12-31,P163,5,88,5,83,20,132,0,102,577.25,Normal
2017-12-31,P164,5,27,5,22,18,102,0,96,517.78,Normal
2017-12-31,P164,6,131,4,127,35,175,0,175,517.78,Normal
2017-12-31,P164,9,67,9,58,16,128,0,117,517.78,Normal
2017-12-31,P165,1,16,1,15,7,35,0,24,546.64,Normal
2017-12-31,P165,3,61,2,59,21,105,0,92,546.64,Normal
2017-12-31,P165,9,99,0,99,30,198,0,208,546.64,Normal
2017-12-31,P166,4,0,0,0,16,72,72,0,602.4,Sin stock
2017-12-31,P166,6,11,6,5,18,74,69,51,602.4,Bajo minimo
2017-12-31,P166,9,112,8,104,50,190,0,129,602.4,Normal
2017-12-31,P167,1,53,12,41,25,165,0,170,546.05,Normal
2017-12-31,P167,4,136,14,122,60,228,0,207,546.05,Normal
2017-12-31,P167,9,35,5,30,45,185,155,160,546.05,Bajo minimo
2017-12-31,P168,2,83,14,69,60,228,0,167,556.84,Normal
2017-12-31,P168,6,34,0,34,36,120,86,74,556.84,Bajo minimo
2017-12-31,P168,7,15,9,6,25,165,159,156,556.84,Bajo minimo
2017-12-31,P169,2,142,9,133,40,180,0,179,537.63,Normal
2017-12-31,P169,7,42,6,36,12,68,0,59,537.63,Normal
2017-12-31,P169,9,20,2,18,10,38,0,30,537.63,Normal
2017-12-31,P170,3,28,13,15,45,185,170,164,566.98,Bajo minimo
2017-12-31,P170,5,62,14,48,40,180,0,0,566.98,Normal
2017-12-31,P170,7,17,2,15,12,40,0,30,566.98,Normal
2017-12-31,P171,1,4,3,1,27,111,110,86,507.32,Bajo minimo
2017-12-31,P171,8,82,4,78,21,105,0,96,507.32,Normal
2017-12-31,P171,9,53,4,49,6,62,0,50,507.32,Normal
2017-12-31,P172,4,26,2,24,40,152,128,129,571.7,Bajo minimo
2017-12-31,P172,5,53,11,42,50,190,148,147,571.7,Bajo minimo
2017-12-31,P172,6,90,3,87,36,120,0,101,571.7,Normal
2017-12-31,P173,1,42,2,40,20,132,0,126,499.09,Normal
2017-12-31,P173,5,34,3,31,27,111,0,82,499.09,Normal
2017-12-31,P173,6,49,12,37,78,246,209,218,499.09,Bajo minimo
2017-12-31,P174,2,70,10,60,36,148,0,125,452.54,Normal
2017-12-31,P174,5,35,5,30,42,126,96,81,452.54,Bajo minimo
2017-12-31,P174,8,83,1,82,72,240,0,131,452.54,Normal
2017-12-31,P175,2,6,2,4,12,68,64,69,474.18,Bajo minimo
2017-12-31,P175,6,32,18,14,24,192,178,240,474.18,Bajo minimo
2017-12-31,P175,9,3,2,1,3,31,30,0,474.18,Bajo minimo
2017-12-31,P176,1,32,9,23,78,246,223,234,510.93,Bajo minimo
2017-12-31,P176,6,89,11,78,24,136,0,119,510.93,Normal
2017-12-31,P176,9,31,8,23,33,117,94,96,510.93,Bajo minimo
2017-12-31,P177,2,8,2,6,6,34,0,27,450.36,Normal
2017-12-31,P177,5,82,7,75,78,246,171,0,450.36,Bajo minimo
2017-12-31,P177,7,68,9,59,48,216,0,202,450.36,Normal
2017-12-31,P178,2,109,13,96,70,210,0,138,471.78,Normal
2017-12-31,P178,7,122,13,109,24,192,0,206,471.78,Normal
2017-12-31,P178,8,0,0,0,18,74,74,0,471.78,Sin stock
2017-12-31,P179,2,9,2,7,12,40,33,33,626.22,Bajo minimo
2017-12-31,P179,3,35,0,35,14,70,0,0,626.22,Normal
2017-12-31,P179,4,0,0,0,6,34,34,0,626.22,Sin stock
2017-12-31,P180,1,8,3,5,5,33,0,33,582.02,Normal
2017-12-31,P180,2,125,2,123,20,160,0,141,582.02,Normal
2017-12-31,P180,9,121,4,117,48,160,0,130,582.02,Normal
2017-12-31,P181,4,70,8,62,36,148,0,119,480.89,Normal
2017-12-31,P181,8,152,18,134,36,204,0,214,480.89,Normal
2017-12-31,P181,9,70,8,62,30,114,0,73,480.89,Normal
2017-12-31,P182,3,151,3,148,48,216,0,142,459,Normal
2017-12-31,P182,7,67,0,67,22,78,0,65,459,Normal
2017-12-31,P182,9,59,8,51,28,140,0,90,459,Normal
2017-12-31,P183,1,38,11,27,28,140,113,108,504.14,Bajo minimo
2017-12-31,P183,5,0,0,0,7,35,35,35,504.14,Sin stock
2017-12-31,P183,6,18,3,15,24,80,65,58,504.14,Bajo minimo
2017-12-31,P184,3,16,3,13,3,31,0,30,415,Normal
2017-12-31,P184,5,73,4,69,24,192,0,177,415,Normal
2017-12-31,P184,6,50,2,48,26,82,0,59,415,Normal
2017-12-31,P185,2,18,2,16,40,152,136,121,416.64,Bajo minimo
2017-12-31,P185,3,127,16,111,42,210,0,166,416.64,Normal
2017-12-31,P185,5,17,6,11,20,160,149,148,416.64,Bajo minimo
2017-12-31,P186,3,14,3,11,6,62,0,48,452.5,Normal
2017-12-31,P186,6,0,0,0,18,74,74,0,452.5,Sin stock
2017-12-31,P186,7,0,0,0,13,41,41,0,452.5,Sin stock
2017-12-31,P187,2,165,16,149,78,246,0,190,380.05,Normal
2017-12-31,P187,4,0,0,0,28,140,140,0,380.05,Sin stock
2017-12-31,P187,6,0,0,0,56,168,168,0,380.05,Sin stock
2017-12-31,P188,5,54,3,51,22,78,0,54,395.24,Normal
2017-12-31,P188,6,101,15,86,54,222,0,178,395.24,Normal
2017-12-31,P188,7,36,7,29,65,205,176,180,395.24,Bajo minimo
2017-12-31,P189,3,2,0,2,32,144,142,123,364.79,Bajo minimo
2017-12-31,P189,7,136,0,136,56,168,0,137,364.79,Normal
2017-12-31,P189,8,30,6,24,26,82,58,67,364.79,Bajo minimo
2017-12-31,P190,3,83,8,75,24,108,0,99,409.92,Normal
2017-12-31,P190,8,156,12,144,42,210,0,210,409.92,Normal
2017-12-31,P190,9,67,8,59,15,155,0,151,409.92,Normal
2017-12-31,P191,6,10,3,7,6,62,0,59,428.89,Normal
2017-12-31,P191,7,56,2,54,14,70,0,69,428.89,Normal
2017-12-31,P191,8,71,6,65,9,93,0,81,428.89,Normal
2017-12-31,P192,1,9,0,9,14,42,33,31,411.64,Bajo minimo
2017-12-31,P192,2,5,0,5,3,31,0,38,411.64,Normal
2017-12-31,P192,8,37,2,35,10,66,0,69,411.64,Normal
2017-12-31,P193,2,0,0,0,40,180,180,0,332.52,Sin stock
2017-12-31,P193,5,74,18,56,72,240,184,180,332.52,Bajo minimo
2017-12-31,P193,7,0,0,0,16,128,128,108,332.52,Sin stock
2017-12-31,P194,5,48,5,43,8,64,0,52,380.55,Normal
2017-12-31,P194,6,25,5,20,42,126,106,87,380.55,Bajo minimo
2017-12-31,P194,8,152,7,145,50,190,0,167,380.55,Normal
2017-12-31,P195,5,57,12,45,54,222,177,182,385.24,Bajo minimo
2017-12-31,P195,8,13,0,13,12,96,0,91,385.24,Normal
2017-12-31,P195,9,78,6,72,9,93,0,87,385.24,Normal
2017-12-31,P196,3,146,12,134,56,168,0,116,332.38,Normal
2017-12-31,P196,5,57,3,54,28,84,0,57,332.38,Normal
2017-12-31,P196,6,27,3,24,8,36,0,33,332.38,Normal
2017-12-31,P197,2,0,0,0,50,190,190,0,317.81,Sin stock
2017-12-31,P197,3,79,10,69,40,152,0,103,317.81,Normal
2017-12-31,P197,7,128,2,126,44,156,0,0,317.81,Normal
2017-12-31,P198,3,99,0,99,70,210,0,121,360.72,Normal
2017-12-31,P198,4,0,0,0,36,120,120,0,360.72,Sin stock
2017-12-31,P198,7,59,4,55,12,68,0,52,360.72,Normal
2017-12-31,P199,4,84,4,80,40,152,0,110,293.3,Normal
2017-12-31,P199,5,0,0,0,78,246,246,0,293.3,Sin stock
2017-12-31,P199,6,85,11,74,50,190,0,150,293.3,Normal
2017-12-31,P200,2,9,0,9,30,198,189,198,339.55,Bajo minimo
2017-12-31,P200,7,135,1,134,48,160,0,125,339.55,Normal
2017-12-31,P200,9,0,0,0,30,170,170,0,339.55,Sin stock
2017-12-31,P201,2,83,7,76,32,144,0,141,283.91,Normal
2017-12-31,P201,5,24,0,24,3,31,0,31,283.91,Normal
2017-12-31,P201,7,16,3,13,11,39,0,25,283.91,Normal
2017-12-31,P202,3,22,4,18,8,64,0,42,302.95,Normal
2017-12-31,P202,6,20,2,18,9,37,0,32,302.95,Normal
2017-12-31,P202,7,100,4,96,70,210,0,154,302.95,Normal
2017-12-31,P203,5,7,7,0,27,111,111,89,278.71,Sin stock
2017-12-31,P203,8,53,2,51,16,72,0,56,278.71,Normal
2017-12-31,P203,9,36,4,32,24,80,0,60,278.71,Normal
2017-12-31,P204,2,76,9,67,78,246,179,144,291.34,Bajo minimo
2017-12-31,P204,6,71,9,62,52,164,0,133,291.34,Normal
2017-12-31,P204,9,164,9,155,66,234,0,171,291.34,Normal
2017-12-31,P205,3,59,8,51,55,195,144,149,339.12,Bajo minimo
2017-12-31,P205,4,0,0,0,22,78,78,0,339.12,Sin stock
2017-12-31,P205,7,8,3,5,5,33,0,27,339.12,Normal
2017-12-31,P206,4,0,0,0,12,124,124,0,289.33,Sin stock
2017-12-31,P206,5,18,2,16,18,74,58,57,289.33,Bajo minimo
2017-12-31,P206,6,59,2,57,24,136,0,102,289.33,Normal
2017-12-31,P207,1,119,13,106,24,192,0,171,287.5,Normal
2017-12-31,P207,3,29,1,28,11,39,0,26,287.5,Normal
2017-12-31,P207,9,2,2,0,3,31,31,30,287.5,Sin stock
2017-12-31,P208,1,51,2,49,20,160,0,0,308.84,Normal
2017-12-31,P208,2,21,4,17,14,70,0,0,308.84,Normal
2017-12-31,P208,9,94,10,84,48,160,0,103,308.84,Normal
2017-12-31,P209,1,10,2,8,4,32,0,28,264.35,Normal
2017-12-31,P209,3,0,0,0,7,35,35,0,264.35,Sin stock
2017-12-31,P209,4,74,9,65,20,132,0,127,264.35,Normal
2017-12-31,P210,3,137,12,125,48,160,0,121,253.41,Normal
2017-12-31,P210,5,0,0,0,26,82,82,0,253.41,Sin stock
2017-12-31,P210,8,8,0,8,11,39,31,26,253.41,Bajo minimo
2017-12-31,P211,3,7,1,6,4,32,0,35,306,Normal
2017-12-31,P211,5,25,4,21,16,72,0,50,306,Normal
2017-12-31,P211,6,211,12,199,78,246,0,198,306,Normal
2017-12-31,P212,1,0,0,0,60,228,228,0,287.78,Sin stock
2017-12-31,P212,5,0,0,0,54,222,222,0,287.78,Sin stock
2017-12-31,P212,6,26,2,24,28,140,116,130,287.78,Bajo minimo
2017-12-31,P213,1,55,0,55,50,190,0,149,241.15,Normal
2017-12-31,P213,4,39,7,32,30,114,0,103,241.15,Normal
2017-12-31,P213,8,0,0,0,24,136,136,0,241.15,Sin stock
2017-12-31,P214,3,74,0,74,26,82,0,47,279.4,Normal
2017-12-31,P214,6,18,3,15,13,41,0,25,279.4,Normal
2017-12-31,P214,8,79,0,79,12,96,0,74,279.4,Normal
2017-12-31,P215,2,95,11,84,20,160,0,148,238.8,Normal
2017-12-31,P215,3,34,7,27,50,190,163,169,238.8,Bajo minimo
2017-12-31,P215,5,4,3,1,8,36,35,29,238.8,Bajo minimo
2017-12-31,P216,1,17,0,17,8,36,0,36,257.23,Normal
2017-12-31,P216,3,63,1,62,24,136,0,102,257.23,Normal
2017-12-31,P216,4,38,5,33,45,185,152,156,257.23,Bajo minimo
2017-12-31,P217,3,76,2,74,45,185,0,114,255.86,Normal
2017-12-31,P217,4,37,1,36,14,42,0,35,255.86,Normal
2017-12-31,P217,7,0,0,0,65,205,205,0,255.86,Sin stock
2017-12-31,P218,3,0,0,0,3,31,31,0,252.57,Sin stock
2017-12-31,P218,7,162,3,159,72,240,0,207,252.57,Normal
2017-12-31,P218,9,89,12,77,48,216,0,194,252.57,Normal
2017-12-31,P219,2,24,6,18,65,205,187,123,274.56,Bajo minimo
2017-12-31,P219,4,24,1,23,11,39,0,28,274.56,Normal
2017-12-31,P219,8,132,7,125,40,180,0,0,274.56,Normal
2017-12-31,P220,2,0,0,0,5,33,33,0,217.83,Sin stock
2017-12-31,P220,5,14,1,13,4,32,0,28,217.83,Normal
2017-12-31,P220,6,35,9,26,36,148,122,123,217.83,Bajo minimo
2017-12-31,P221,3,132,0,132,44,156,0,0,225.47,Normal
2017-12-31,P221,4,4,2,2,11,39,37,37,225.47,Bajo minimo
2017-12-31,P221,9,38,2,36,16,72,0,46,225.47,Normal
2017-12-31,P222,3,0,0,0,15,155,155,131,245.4,Sin stock
2017-12-31,P222,4,92,1,91,20,160,0,140,245.4,Normal
2017-12-31,P222,5,51,12,39,44,156,117,146,245.4,Bajo minimo
2017-12-31,P223,2,0,0,0,42,126,126,0,231.58,Sin stock
2017-12-31,P223,5,92,2,90,65,205,0,169,231.58,Normal
2017-12-31,P223,6,89,5,84,56,168,0,0,231.58,Normal
2017-12-31,P224,4,25,2,23,3,31,0,24,262.4,Normal
2017-12-31,P224,8,107,4,103,39,123,0,81,262.4,Normal
2017-12-31,P224,9,162,12,150,84,252,0,189,262.4,Normal
2017-12-31,P225,1,100,2,98,70,210,0,159,266.15,Normal
2017-12-31,P225,3,71,12,59,30,170,0,141,266.15,Normal
2017-12-31,P225,6,0,0,0,9,93,93,69,266.15,Sin stock
2017-12-31,P226,3,51,0,51,12,68,0,66,252.31,Normal
2017-12-31,P226,6,53,9,44,20,132,0,125,252.31,Normal
2017-12-31,P226,9,0,0,0,52,164,164,0,252.31,Sin stock
2017-12-31,P227,3,27,4,23,26,82,59,0,239.95,Bajo minimo
2017-12-31,P227,6,37,11,26,84,252,226,165,239.95,Bajo minimo
2017-12-31,P227,9,143,4,139,66,234,0,133,239.95,Normal
2017-12-31,P228,5,47,4,43,10,66,0,0,219.69,Normal
2017-12-31,P228,8,0,0,0,84,252,252,0,219.69,Sin stock
2017-12-31,P228,9,6,6,0,72,240,240,202,219.69,Sin stock
2017-12-31,P229,2,106,11,95,40,180,0,141,258.1,Normal
2017-12-31,P229,5,23,3,20,10,38,0,30,258.1,Normal
2017-12-31,P229,9,26,0,26,22,78,0,0,258.1,Normal
2017-12-31,P230,3,105,4,101,35,175,0,157,234.26,Normal
2017-12-31,P230,5,141,8,133,66,234,0,205,234.26,Normal
2017-12-31,P230,9,15,3,12,27,111,99,91,234.26,Bajo minimo
2017-12-31,P231,2,0,0,0,36,120,120,0,240.62,Sin stock
2017-12-31,P231,4,167,1,166,24,192,0,183,240.62,Normal
2017-12-31,P231,6,16,3,13,14,70,57,59,240.62,Bajo minimo
2017-12-31,P232,2,25,1,24,3,31,0,30,212.69,Normal
2017-12-31,P232,7,2,1,1,12,68,67,72,212.69,Bajo minimo
2017-12-31,P232,9,33,0,33,9,93,0,68,212.69,Normal
2017-12-31,P233,3,0,0,0,11,39,39,0,214.36,Sin stock
2017-12-31,P233,6,120,6,114,36,148,0,121,214.36,Normal
2017-12-31,P233,8,165,0,165,65,205,0,161,214.36,Normal
2017-12-31,P234,2,18,6,12,8,64,0,66,223.92,Normal
2017-12-31,P234,5,23,6,17,39,123,106,81,223.92,Bajo minimo
2017-12-31,P234,7,0,0,0,33,117,117,0,223.92,Sin stock
2017-12-31,P235,1,127,15,112,18,186,0,0,207.08,Normal
2017-12-31,P235,4,0,0,0,60,200,200,0,207.08,Sin stock
2017-12-31,P235,6,30,0,30,7,35,0,29,207.08,Normal
2017-12-31,P236,3,0,0,0,72,240,240,0,227.48,Sin stock
2017-12-31,P236,5,76,6,70,25,165,0,130,227.48,Normal
2017-12-31,P236,8,6,2,4,9,37,33,29,227.48,Bajo minimo
2017-12-31,P237,1,9,5,4,15,155,151,130,239.28,Bajo minimo
2017-12-31,P237,2,156,9,147,45,185,0,142,239.28,Normal
2017-12-31,P237,4,92,11,81,84,252,171,177,239.28,Bajo minimo
2017-12-31,P238,3,24,2,22,5,33,0,28,35.83,Normal
2017-12-31,P238,5,16,0,16,6,34,0,31,35.83,Normal
2017-12-31,P238,7,48,9,39,40,180,141,148,35.83,Bajo minimo
2017-12-31,P239,5,117,1,116,54,222,0,170,47.93,Normal
2017-12-31,P239,6,22,0,22,40,152,130,118,47.93,Bajo minimo
2017-12-31,P239,7,0,0,0,12,124,124,0,47.93,Sin stock
2017-12-31,P240,3,12,2,10,15,99,89,92,87.98,Bajo minimo
2017-12-31,P240,5,84,7,77,30,114,0,65,87.98,Normal
2017-12-31,P240,6,37,1,36,6,62,0,45,87.98,Normal
2017-12-31,P241,1,14,7,7,15,99,92,95,157.81,Bajo minimo
2017-12-31,P241,2,141,11,130,15,155,0,0,157.81,Normal
2017-12-31,P241,9,35,2,33,13,41,0,31,157.81,Normal
2017-12-31,P242,1,130,10,120,32,144,0,114,61.1,Normal
2017-12-31,P242,2,0,0,0,3,31,31,29,61.1,Sin stock
2017-12-31,P242,7,23,3,20,5,33,0,41,61.1,Normal
2017-12-31,P243,2,59,0,59,14,70,0,55,92.98,Normal
2017-12-31,P243,3,109,1,108,32,144,0,137,92.98,Normal
2017-12-31,P243,7,3,0,3,12,68,65,52,92.98,Bajo minimo
2017-12-31,P244,1,61,4,57,12,68,0,54,40.63,Normal
2017-12-31,P244,2,0,0,0,42,126,126,0,40.63,Sin stock
2017-12-31,P244,4,78,2,76,28,84,0,52,40.63,Normal
2017-12-31,P245,2,38,2,36,40,152,116,125,260.23,Bajo minimo
2017-12-31,P245,3,110,2,108,42,126,0,92,260.23,Normal
2017-12-31,P245,5,0,0,0,7,35,35,0,260.23,Sin stock
2017-12-31,P246,2,108,1,107,50,190,0,179,209.62,Normal
2017-12-31,P246,4,33,10,23,36,148,125,125,209.62,Bajo minimo
2017-12-31,P246,5,20,0,20,8,36,0,35,209.62,Normal
2017-12-31,P247,2,14,12,2,36,204,202,212,61.63,Bajo minimo
2017-12-31,P247,3,0,0,0,39,123,123,0,61.63,Sin stock
2017-12-31,P247,5,134,2,132,55,195,0,150,61.63,Normal
2017-12-31,P248,1,41,11,30,35,175,145,136,72.54,Bajo minimo
2017-12-31,P248,6,39,12,27,54,222,195,192,72.54,Bajo minimo
2017-12-31,P248,7,133,12,121,66,234,0,231,72.54,Normal
2017-12-31,P249,1,133,16,117,36,204,0,167,37.78,Normal
2017-12-31,P249,3,24,2,22,12,40,0,24,37.78,Normal
2017-12-31,P249,4,105,1,104,40,180,0,165,37.78,Normal
2017-12-31,P250,3,16,2,14,14,42,0,28,42.18,Normal
2017-12-31,P250,6,27,14,13,42,210,197,167,42.18,Bajo minimo
2017-12-31,P250,7,10,1,9,16,72,63,67,42.18,Bajo minimo
2017-12-31,P251,1,76,13,63,65,205,142,141,1153.64,Bajo minimo
2017-12-31,P251,6,72,0,72,24,108,0,68,1153.64,Normal
2017-12-31,P251,7,0,0,0,50,190,190,0,1153.64,Sin stock
2017-12-31,P252,3,59,1,58,56,168,0,116,7123.66,Normal
2017-12-31,P252,6,61,0,61,16,72,0,52,7123.66,Normal
2017-12-31,P252,7,10,1,9,13,41,32,32,7123.66,Bajo minimo
2017-12-31,P253,3,0,0,0,25,165,165,172,7123.66,Sin stock
2017-12-31,P253,8,5,1,4,15,155,151,168,7123.66,Bajo minimo
2017-12-31,P253,9,51,6,45,10,66,0,56,7123.66,Normal
2017-12-31,P254,4,139,7,132,30,170,0,149,7123.66,Normal
2017-12-31,P254,6,0,0,0,30,170,170,0,7123.66,Sin stock
2017-12-31,P254,8,98,4,94,45,185,0,133,7123.66,Normal
2017-12-31,P255,3,86,5,81,24,136,0,104,7123.66,Normal
2017-12-31,P255,6,7,2,5,4,32,0,16,7123.66,Normal
2017-12-31,P255,8,27,1,26,15,99,0,79,7123.66,Normal
2017-12-31,P256,1,9,6,3,26,82,79,63,7123.66,Bajo minimo
2017-12-31,P256,6,0,0,0,15,155,155,0,7123.66,Sin stock
2017-12-31,P256,9,57,12,45,36,204,0,160,7123.66,Normal
2017-12-31,P257,2,5,4,1,8,64,63,52,7123.66,Bajo minimo
2017-12-31,P257,4,63,3,60,18,74,0,50,7123.66,Normal
2017-12-31,P257,8,96,3,93,52,164,0,115,7123.66,Normal
2017-12-31,P258,1,28,11,17,20,132,115,148,7123.66,Bajo minimo
2017-12-31,P258,2,12,2,10,20,132,122,132,7123.66,Bajo minimo
2017-12-31,P258,7,89,9,80,24,108,0,0,7123.66,Normal
2017-12-31,P259,1,32,18,14,24,192,178,175,7123.66,Bajo minimo
2017-12-31,P259,5,14,1,13,5,33,0,31,7123.66,Normal
2017-12-31,P259,9,0,0,0,6,62,62,51,7123.66,Sin stock
2017-12-31,P260,6,67,5,62,18,102,0,85,7123.66,Normal
2017-12-31,P260,7,0,0,0,26,82,82,0,7123.66,Sin stock
2017-12-31,P260,9,146,13,133,48,216,0,173,7123.66,Normal
2017-12-31,P261,1,95,7,88,27,111,0,66,7123.66,Normal
2017-12-31,P261,5,0,0,0,30,198,198,0,7123.66,Sin stock
2017-12-31,P261,7,97,11,86,48,216,0,160,7123.66,Normal
2017-12-31,P262,1,152,11,141,45,185,0,151,7123.66,Normal
2017-12-31,P262,2,113,14,99,50,190,0,0,7123.66,Normal
2017-12-31,P262,4,21,8,13,15,155,142,144,7123.66,Bajo minimo
2017-12-31,P263,3,63,1,62,26,82,0,59,7123.66,Normal
2017-12-31,P263,4,27,2,25,10,38,0,27,7123.66,Normal
2017-12-31,P263,9,0,0,0,35,175,175,0,7123.66,Sin stock
2017-12-31,P264,1,19,0,19,9,37,0,34,7123.66,Normal
2017-12-31,P264,3,51,2,49,20,76,0,55,7123.66,Normal
2017-12-31,P264,6,0,0,0,12,124,124,105,7123.66,Sin stock
2017-12-31,P265,1,9,0,9,30,114,105,114,7123.66,Bajo minimo
2017-12-31,P265,2,0,0,0,8,36,36,0,7123.66,Sin stock
2017-12-31,P265,6,50,5,45,16,72,0,50,7123.66,Normal
2017-12-31,P266,4,48,16,32,84,252,220,179,7123.66,Bajo minimo
2017-12-31,P266,5,15,1,14,7,35,0,43,7123.66,Normal
2017-12-31,P266,8,75,2,73,9,93,0,87,7123.66,Normal
2017-12-31,P267,4,88,11,77,40,180,0,151,7123.66,Normal
2017-12-31,P267,5,195,11,184,60,228,0,188,7123.66,Normal
2017-12-31,P267,9,47,1,46,14,70,0,61,7123.66,Normal
2017-12-31,P268,2,0,0,0,10,38,38,0,7123.66,Sin stock
2017-12-31,P268,7,156,9,147,45,185,0,138,7123.66,Normal
2017-12-31,P268,9,0,0,0,36,204,204,174,7123.66,Sin stock
2017-12-31,P269,3,24,6,18,14,70,0,51,7123.66,Normal
2017-12-31,P269,4,5,2,3,6,34,31,25,7123.66,Bajo minimo
2017-12-31,P269,8,120,9,111,50,190,0,169,7123.66,Normal
2017-12-31,P270,4,12,4,8,12,96,88,74,7123.66,Bajo minimo
2017-12-31,P270,7,78,12,66,65,205,0,156,7123.66,Normal
2017-12-31,P270,9,47,4,43,6,62,0,48,7123.66,Normal
2017-12-31,P271,3,0,0,0,11,39,39,0,7123.66,Sin stock
2017-12-31,P271,8,18,7,11,54,222,211,176,7123.66,Bajo minimo
2017-12-31,P271,9,19,4,15,30,170,155,164,7123.66,Bajo minimo
2017-12-31,P272,2,70,5,65,15,99,0,82,7123.66,Normal
2017-12-31,P272,6,0,0,0,18,186,186,124,7123.66,Sin stock
2017-12-31,P272,8,14,2,12,22,78,66,56,7123.66,Bajo minimo
2017-12-31,P273,1,0,0,0,35,175,175,0,74.41,Sin stock
2017-12-31,P273,6,0,0,0,3,31,31,0,74.41,Sin stock
2017-12-31,P273,7,0,0,0,28,84,84,0,74.41,Sin stock
2017-12-31,P274,2,47,8,39,54,222,183,192,106.89,Bajo minimo
2017-12-31,P274,6,164,7,157,48,216,0,175,106.89,Normal
2017-12-31,P274,8,0,0,0,35,175,175,0,106.89,Sin stock
2017-12-31,P275,4,61,6,55,55,195,0,146,45.18,Normal
2017-12-31,P275,8,15,3,12,10,38,0,33,45.18,Normal
2017-12-31,P275,9,13,3,10,12,40,30,29,45.18,Bajo minimo
2017-12-31,P276,6,95,9,86,54,222,0,193,12.63,Normal
2017-12-31,P276,7,0,0,0,33,117,117,0,12.63,Sin stock
2017-12-31,P276,9,99,5,94,39,123,0,109,12.63,Normal
2017-12-31,P277,1,122,7,115,54,222,0,199,55.41,Normal
2017-12-31,P277,6,29,14,15,42,210,195,197,55.41,Bajo minimo
2017-12-31,P277,8,81,10,71,70,210,0,136,55.41,Normal
2017-12-31,P278,5,35,8,27,42,126,99,98,79.21,Bajo minimo
2017-12-31,P278,7,3,1,2,11,39,37,25,79.21,Bajo minimo
2017-12-31,P278,9,29,4,25,25,165,0,150,79.21,Normal
2017-12-31,P279,3,12,3,9,12,40,31,30,34.4,Bajo minimo
2017-12-31,P279,5,25,3,22,12,40,0,39,34.4,Normal
2017-12-31,P279,6,21,1,20,12,40,0,36,34.4,Normal
2017-12-31,P280,1,12,1,11,16,72,61,51,313.96,Bajo minimo
2017-12-31,P280,5,89,1,88,50,190,0,146,313.96,Normal
2017-12-31,P280,6,0,0,0,22,78,78,0,313.96,Sin stock
2017-12-31,P281,1,0,0,0,60,200,200,0,121.92,Sin stock
2017-12-31,P281,5,98,6,92,15,99,0,0,121.92,Normal
2017-12-31,P281,7,125,13,112,20,160,0,0,121.92,Normal
2017-12-31,P282,2,0,0,0,24,80,80,0,15.23,Sin stock
2017-12-31,P282,5,92,14,78,20,160,0,145,15.23,Normal
2017-12-31,P282,7,5,0,5,11,39,34,34,15.23,Bajo minimo
2017-12-31,P283,1,31,0,31,13,41,0,34,58.01,Normal
2017-12-31,P283,3,9,8,1,16,128,127,119,58.01,Bajo minimo
2017-12-31,P283,5,0,0,0,28,84,84,0,58.01,Sin stock
2017-12-31,P284,1,143,4,139,52,164,0,111,85.87,Normal
2017-12-31,P284,4,0,0,0,3,31,31,0,85.87,Sin stock
2017-12-31,P284,7,149,4,145,56,168,0,103,85.87,Normal
2017-12-31,P285,7,23,5,18,33,117,99,97,102.62,Bajo minimo
2017-12-31,P285,8,107,6,101,20,160,0,154,102.62,Normal
2017-12-31,P285,9,87,9,78,12,124,0,132,102.62,Normal
2017-12-31,P286,2,112,0,112,36,204,0,176,45.93,Normal
2017-12-31,P286,3,105,0,105,20,132,0,143,45.93,Normal
2017-12-31,P286,8,0,0,0,6,34,34,0,45.93,Sin stock
2017-12-31,P287,4,15,3,12,12,40,0,28,760,Normal
2017-12-31,P287,8,78,7,71,24,192,0,163,760,Normal
2017-12-31,P287,9,0,0,0,24,192,192,0,760,Sin stock
2017-12-31,P288,4,0,0,0,9,93,93,0,1365,Sin stock
2017-12-31,P288,6,134,2,132,44,156,0,111,1365,Normal
2017-12-31,P288,7,76,13,63,60,228,0,172,1365,Normal
2017-12-31,P289,3,60,5,55,22,78,0,60,2980,Normal
2017-12-31,P289,5,27,0,27,3,31,0,29,2980,Normal
2017-12-31,P289,7,82,12,70,24,136,0,142,2980,Normal
2017-12-31,P290,1,11,9,2,9,93,91,91,5790,Bajo minimo
2017-12-31,P290,3,165,2,163,25,165,0,0,5790,Normal
2017-12-31,P290,6,0,0,0,39,123,123,0,5790,Sin stock
2017-12-31,P291,2,30,2,28,24,108,0,101,299,Normal
2017-12-31,P291,6,43,1,42,36,120,0,109,299,Normal
2017-12-31,P291,8,5,3,2,12,124,122,135,299,Bajo minimo
2017-12-31,P292,4,67,9,58,9,93,0,88,1565,Normal
2017-12-31,P292,8,17,4,13,14,70,57,61,1565,Bajo minimo
2017-12-31,P292,9,26,0,26,15,99,0,100,1565,Normal
2017-12-31,P293,1,0,0,0,30,198,198,177,2425,Sin stock
2017-12-31,P293,5,20,3,17,32,144,127,132,2425,Bajo minimo
2017-12-31,P293,6,175,1,174,70,210,0,151,2425,Normal
2017-12-31,P294,5,73,10,63,78,246,183,184,465,Bajo minimo
2017-12-31,P294,7,57,0,57,30,114,0,109,465,Normal
2017-12-31,P294,9,6,2,4,11,39,35,28,465,Bajo minimo
2017-12-31,P295,2,67,2,65,28,140,0,144,1165,Normal
2017-12-31,P295,3,0,0,0,26,82,82,0,1165,Sin stock
2017-12-31,P295,6,69,17,52,36,204,0,203,1165,Normal
2017-12-31,P296,5,56,3,53,20,132,0,116,2756,Normal
2017-12-31,P296,7,75,12,63,42,210,0,174,2756,Normal
2017-12-31,P296,8,25,0,25,5,33,0,0,2756,Normal
2017-12-31,P297,4,30,6,24,8,64,0,58,1850,Normal
2017-12-31,P297,5,68,11,57,32,144,0,121,1850,Normal
2017-12-31,P297,9,142,6,136,56,168,0,114,1850,Normal
2017-12-31,P298,2,9,1,8,12,124,116,118,925,Bajo minimo
2017-12-31,P298,3,9,1,8,8,64,0,71,925,Normal
2017-12-31,P298,7,9,3,6,4,32,0,28,925,Normal
2017-12-31,P299,3,130,8,122,48,160,0,113,13250,Normal
2017-12-31,P299,7,74,3,71,18,102,0,87,13250,Normal
2017-12-31,P299,9,133,3,130,52,164,0,125,13250,Normal
2017-12-31,P300,7,65,5,60,20,76,0,61,1829,Normal
2017-12-31,P300,8,32,8,24,48,160,136,103,1829,Bajo minimo
2017-12-31,P300,9,13,12,1,30,170,169,138,1829,Bajo minimo
2017-12-31,P301,2,0,0,0,12,68,68,0,585,Sin stock
2017-12-31,P301,5,157,4,153,42,210,0,185,585,Normal
2017-12-31,P301,7,66,2,64,33,117,0,111,585,Normal
2017-12-31,P302,4,11,5,6,24,108,102,105,799,Bajo minimo
2017-12-31,P302,5,0,0,0,24,136,136,151,799,Sin stock
2017-12-31,P302,9,22,0,22,30,114,92,99,799,Bajo minimo
2017-12-31,P303,3,34,1,33,8,64,0,62,2399,Normal
2017-12-31,P303,4,96,9,87,48,160,0,105,2399,Normal
2017-12-31,P303,5,2,2,0,9,37,37,30,2399,Sin stock
2017-12-31,P304,2,11,3,8,12,40,32,31,4150,Bajo minimo
2017-12-31,P304,3,28,0,28,18,186,0,167,4150,Normal
2017-12-31,P304,9,94,6,88,44,156,0,142,4150,Normal
2017-12-31,P305,5,8,4,4,12,124,120,122,485,Bajo minimo
2017-12-31,P305,6,23,3,20,9,37,0,34,485,Normal
2017-12-31,P305,8,18,5,13,22,78,65,76,485,Bajo minimo
2017-12-31,P306,1,18,3,15,15,99,0,83,12578,Normal
2017-12-31,P306,2,0,0,0,18,74,74,0,12578,Sin stock
2017-12-31,P306,6,33,1,32,15,155,0,166,12578,Normal
2017-12-31,P307,1,106,10,96,36,148,0,0,75410,Normal
2017-12-31,P307,5,18,0,18,10,38,0,32,75410,Normal
2017-12-31,P307,6,25,0,25,14,42,0,30,75410,Normal
2017-12-31,P308,5,0,0,0,20,76,76,0,3250,Sin stock
2017-12-31,P308,7,167,13,154,60,200,0,161,3250,Normal
2017-12-31,P308,9,0,0,0,72,240,240,0,3250,Sin stock
2017-12-31,P309,3,0,0,0,72,240,240,0,4210,Sin stock
2017-12-31,P309,5,0,0,0,40,152,152,0,4210,Sin stock
2017-12-31,P309,7,0,0,0,6,62,62,66,4210,Sin stock
2017-12-31,P310,3,36,14,22,20,160,0,136,4254,Normal
2017-12-31,P310,7,118,12,106,25,165,0,135,4254,Normal
2017-12-31,P310,8,38,3,35,10,66,0,53,4254,Normal
2017-12-31,P311,2,64,4,60,28,84,0,0,4154,Normal
2017-12-31,P311,3,40,5,35,26,82,0,53,4154,Normal
2017-12-31,P311,9,43,6,37,20,76,0,55,4154,Normal
2017-12-31,P312,2,14,2,12,8,36,0,32,4250,Normal
2017-12-31,P312,3,75,15,60,30,198,0,163,4250,Normal
2017-12-31,P312,4,29,1,28,9,37,0,32,4250,Normal
2017-12-31,P313,3,82,2,80,36,120,0,97,2300,Normal
2017-12-31,P313,4,117,8,109,48,216,0,233,2300,Normal
2017-12-31,P313,6,31,4,27,15,99,0,99,2300,Normal
2017-12-31,P314,5,26,0,26,14,42,0,35,330,Normal
2017-12-31,P314,6,0,0,0,45,185,185,0,330,Sin stock
2017-12-31,P314,9,0,0,0,22,78,78,0,330,Sin stock
2017-12-31,P315,1,59,7,52,33,117,0,104,3800,Normal
2017-12-31,P315,8,37,7,30,20,160,0,123,3800,Normal
2017-12-31,P315,9,144,13,131,30,198,0,209,3800,Normal
2017-12-31,P316,3,34,0,34,10,66,0,0,2550,Normal
2017-12-31,P316,5,0,0,0,72,240,240,0,2550,Sin stock
2017-12-31,P316,7,116,14,102,50,190,0,142,2550,Normal
2017-12-31,P317,2,53,0,53,28,84,0,51,3400,Normal
2017-12-31,P317,5,223,15,208,60,228,0,164,3400,Normal
2017-12-31,P317,7,94,8,86,35,175,0,179,3400,Normal
2017-12-31,P318,5,83,1,82,39,123,0,84,498,Normal
2017-12-31,P318,6,35,3,32,18,74,0,62,498,Normal
2017-12-31,P318,9,43,7,36,20,160,0,160,498,Normal
2017-12-31,P319,4,131,11,120,30,170,0,166,3100,Normal
2017-12-31,P319,5,19,0,19,7,35,0,27,3100,Normal
2017-12-31,P319,6,0,0,0,30,170,170,0,3100,Sin stock
2017-12-31,P320,1,49,6,43,15,155,0,156,5000,Normal
2017-12-31,P320,7,6,2,4,6,34,30,29,5000,Bajo minimo
2017-12-31,P320,9,54,6,48,10,66,0,63,5000,Normal
2017-12-31,P321,2,25,2,23,12,40,0,28,2101.59,Normal
2017-12-31,P321,8,43,4,39,30,198,0,167,2101.59,Normal
2017-12-31,P321,9,37,0,37,12,96,0,74,2101.59,Normal
2017-12-31,P322,4,47,6,41,28,84,0,58,1780.35,Normal
2017-12-31,P322,6,0,0,0,18,74,74,0,1780.35,Sin stock
2017-12-31,P322,8,35,11,24,25,165,141,114,1780.35,Bajo minimo
2017-12-31,P323,5,35,4,31,15,155,0,151,1793.53,Normal
2017-12-31,P323,6,5,1,4,36,148,144,129,1793.53,Bajo minimo
2017-12-31,P323,9,116,8,108,24,192,0,179,1793.53,Normal
2017-12-31,P324,3,0,0,0,27,111,111,0,1940.18,Sin stock
2017-12-31,P324,8,137,7,130,56,168,0,102,1940.18,Normal
2017-12-31,P324,9,45,4,41,15,155,0,155,1940.18,Normal
2017-12-31,P325,4,123,3,120,30,198,0,163,1888.33,Normal
2017-12-31,P325,8,82,1,81,55,195,0,154,1888.33,Normal
2017-12-31,P325,9,53,1,52,26,82,0,61,1888.33,Normal
2017-12-31,P326,3,36,0,36,16,72,0,73,1781.47,Normal
2017-12-31,P326,5,79,4,75,20,132,0,103,1781.47,Normal
2017-12-31,P326,7,66,12,54,48,160,0,126,1781.47,Normal
2017-12-31,P327,2,0,0,0,25,165,165,133,1723.83,Sin stock
2017-12-31,P327,7,56,3,53,24,136,0,117,1723.83,Normal
2017-12-31,P327,9,1,1,0,3,31,31,18,1723.83,Sin stock
2017-12-31,P328,1,141,0,141,25,165,0,139,1504.08,Normal
2017-12-31,P328,4,3,1,2,6,62,60,51,1504.08,Bajo minimo
2017-12-31,P328,5,136,5,131,20,160,0,128,1504.08,Normal
2017-12-31,P329,3,110,12,98,24,136,0,97,1499.26,Normal
2017-12-31,P329,4,29,8,21,36,148,127,132,1499.26,Bajo minimo
2017-12-31,P329,8,25,1,24,6,34,0,0,1499.26,Normal
2017-12-31,P330,2,87,2,85,24,108,0,86,1540.35,Normal
2017-12-31,P330,3,158,8,150,60,200,0,167,1540.35,Normal
2017-12-31,P330,8,0,0,0,32,144,144,0,1540.35,Sin stock
2017-12-31,P331,6,0,0,0,27,111,111,0,1671.95,Sin stock
2017-12-31,P331,7,132,1,131,48,160,0,135,1671.95,Normal
2017-12-31,P331,8,42,5,37,10,66,0,60,1671.95,Normal
2017-12-31,P332,1,124,4,120,44,156,0,134,1706.95,Normal
2017-12-31,P332,4,37,10,27,56,168,141,137,1706.95,Bajo minimo
2017-12-31,P332,5,154,13,141,45,185,0,143,1706.95,Normal
2017-12-31,P333,5,93,4,89,36,148,0,110,1323.12,Normal
2017-12-31,P333,8,21,0,21,24,80,59,66,1323.12,Bajo minimo
2017-12-31,P333,9,35,2,33,12,40,0,26,1323.12,Normal
2017-12-31,P334,3,29,3,26,24,80,0,56,1369.83,Normal
2017-12-31,P334,4,37,4,33,25,165,0,142,1369.83,Normal
2017-12-31,P334,8,26,0,26,13,41,0,24,1369.83,Normal
2017-12-31,P335,4,17,3,14,14,42,0,34,1496.43,Normal
2017-12-31,P335,8,41,6,35,20,76,0,53,1496.43,Normal
2017-12-31,P335,9,167,18,149,54,222,0,165,1496.43,Normal
2017-12-31,P336,4,7,7,0,35,175,175,145,1535.62,Sin stock
2017-12-31,P336,5,27,13,14,24,192,178,186,1535.62,Bajo minimo
2017-12-31,P336,7,0,0,0,24,80,80,0,1535.62,Sin stock
2017-12-31,P337,3,119,6,113,20,160,0,152,1519.85,Normal
2017-12-31,P337,4,0,0,0,9,93,93,101,1519.85,Sin stock
2017-12-31,P337,9,139,3,136,30,170,0,145,1519.85,Normal
2017-12-31,P338,3,50,7,43,55,195,152,155,1225.59,Bajo minimo
2017-12-31,P338,6,0,0,0,6,34,34,29,1225.59,Sin stock
2017-12-31,P338,8,144,5,139,60,200,0,117,1225.59,Normal
2017-12-31,P339,3,0,0,0,8,64,64,53,1479.56,Sin stock
2017-12-31,P339,6,0,0,0,25,165,165,144,1479.56,Sin stock
2017-12-31,P339,9,99,8,91,60,228,0,138,1479.56,Normal
2017-12-31,P340,3,0,0,0,5,33,33,0,1453.94,Sin stock
2017-12-31,P340,8,43,5,38,42,126,88,90,1453.94,Bajo minimo
2017-12-31,P340,9,155,8,147,50,190,0,141,1453.94,Normal
2017-12-31,P341,3,0,0,0,12,68,68,71,7123.66,Sin stock
2017-12-31,P341,7,8,5,3,25,165,162,135,7123.66,Bajo minimo
2017-12-31,P341,8,29,0,29,16,128,0,0,7123.66,Normal
2017-12-31,P342,5,68,8,60,28,140,0,117,7123.66,Normal
2017-12-31,P342,8,5,3,2,5,33,31,38,7123.66,Bajo minimo
2017-12-31,P342,9,162,0,162,72,240,0,183,7123.66,Normal
2017-12-31,P343,1,0,0,0,3,31,31,0,7123.66,Sin stock
2017-12-31,P343,2,128,5,123,52,164,0,113,7123.66,Normal
2017-12-31,P343,8,15,1,14,4,32,0,35,7123.66,Normal
2017-12-31,P344,2,0,0,0,35,175,175,0,7123.66,Sin stock
2017-12-31,P344,5,134,2,132,70,210,0,157,7123.66,Normal
2017-12-31,P344,7,127,9,118,70,210,0,154,7123.66,Normal
2017-12-31,P345,4,26,4,22,45,185,163,167,7123.66,Bajo minimo
2017-12-31,P345,6,0,0,0,24,192,192,165,7123.66,Sin stock
2017-12-31,P345,7,73,7,66,78,246,180,187,7123.66,Bajo minimo
2017-12-31,P346,3,104,10,94,66,234,0,188,7123.66,Normal
2017-12-31,P346,6,0,0,0,9,37,37,33,7123.66,Sin stock
2017-12-31,P346,9,60,1,59,55,195,0,147,7123.66,Normal
2017-12-31,P347,1,56,2,54,24,80,0,46,7123.66,Normal
2017-12-31,P347,2,26,3,23,14,42,0,30,7123.66,Normal
2017-12-31,P347,7,60,5,55,24,136,0,123,7123.66,Normal
2017-12-31,P348,1,7,2,5,4,32,0,0,7123.66,Normal
2017-12-31,P348,4,20,2,18,8,36,0,35,7123.66,Normal
2017-12-31,P348,5,113,10,103,36,148,0,121,7123.66,Normal
2017-12-31,P349,2,33,2,31,18,74,0,45,7123.66,Normal
2017-12-31,P349,3,23,3,20,3,31,0,34,7123.66,Normal
2017-12-31,P349,7,58,12,46,56,168,122,119,7123.66,Bajo minimo
2017-12-31,P350,1,140,11,129,50,190,0,147,7123.66,Normal
2017-12-31,P350,6,0,0,0,20,132,132,0,7123.66,Sin stock
2017-12-31,P350,9,61,1,60,28,140,0,125,7123.66,Normal
2017-12-31,P351,1,0,0,0,20,160,160,177,7123.66,Sin stock
2017-12-31,P351,4,87,0,87,30,114,0,100,7123.66,Normal
2017-12-31,P351,7,40,3,37,42,126,89,93,7123.66,Bajo minimo
2017-12-31,P352,2,0,0,0,8,64,64,52,7123.66,Sin stock
2017-12-31,P352,3,69,6,63,48,216,0,205,7123.66,Normal
2017-12-31,P352,8,9,0,9,11,39,30,34,7123.66,Bajo minimo
2017-12-31,P353,1,43,1,42,18,74,0,64,7123.66,Normal
2017-12-31,P353,4,112,1,111,18,186,0,183,7123.66,Normal
2017-12-31,P353,9,33,8,25,21,105,0,104,7123.66,Normal
2017-12-31,P354,1,0,0,0,16,72,72,0,7123.66,Sin stock
2017-12-31,P354,3,46,5,41,20,76,0,71,7123.66,Normal
2017-12-31,P354,8,0,0,0,6,62,62,0,7123.66,Sin stock
2017-12-31,P355,2,49,13,36,60,200,164,126,7123.66,Bajo minimo
2017-12-31,P355,7,0,0,0,48,216,216,0,7123.66,Sin stock
2017-12-31,P355,8,94,9,85,24,136,0,135,7123.66,Normal
2017-12-31,P356,2,0,0,0,20,76,76,0,7123.66,Sin stock
2017-12-31,P356,6,0,0,0,36,204,204,163,7123.66,Sin stock
2017-12-31,P356,7,112,10,102,56,168,0,121,7123.66,Normal
2017-12-31,P357,3,14,1,13,3,31,0,24,7123.66,Normal
2017-12-31,P357,7,217,1,216,84,252,0,0,7123.66,Normal
2017-12-31,P357,9,46,3,43,6,62,0,50,7123.66,Normal
2017-12-31,P358,1,64,1,63,15,99,0,0,7123.66,Normal
2017-12-31,P358,4,21,14,7,18,186,179,165,7123.66,Bajo minimo
2017-12-31,P358,8,58,1,57,18,74,0,66,7123.66,Normal
2017-12-31,P359,2,19,3,16,4,32,0,21,7123.66,Normal
2017-12-31,P359,4,0,0,0,42,126,126,0,7123.66,Sin stock
2017-12-31,P359,5,64,16,48,36,204,0,196,7123.66,Normal
2017-12-31,P360,2,30,8,22,42,210,188,202,7123.66,Bajo minimo
2017-12-31,P360,6,51,0,51,9,93,0,99,7123.66,Normal
2017-12-31,P360,9,0,0,0,13,41,41,0,7123.66,Sin stock
2017-12-31,P361,6,12,3,9,42,210,201,200,255.86,Bajo minimo
2017-12-31,P361,7,40,3,37,10,66,0,57,255.86,Normal
2017-12-31,P361,9,39,3,36,14,42,0,30,255.86,Normal
2017-12-31,P362,1,65,7,58,27,111,0,115,252.57,Normal
2017-12-31,P362,5,62,14,48,15,155,0,158,252.57,Normal
2017-12-31,P362,6,77,6,71,33,117,0,106,252.57,Normal
2017-12-31,P363,3,48,7,41,12,96,0,0,274.56,Normal
2017-12-31,P363,4,0,0,0,60,200,200,0,274.56,Sin stock
2017-12-31,P363,6,28,6,22,16,128,0,137,274.56,Normal
2017-12-31,P364,1,24,1,23,16,72,0,0,217.83,Normal
2017-12-31,P364,7,122,12,110,42,210,0,182,217.83,Normal
2017-12-31,P364,9,17,3,14,8,64,0,67,217.83,Normal
2017-12-31,P365,4,139,10,129,66,234,0,199,225.47,Normal
2017-12-31,P365,7,0,0,0,30,198,198,0,225.47,Sin stock
2017-12-31,P365,9,29,3,26,10,38,0,35,225.47,Normal
2017-12-31,P366,2,0,0,0,39,123,123,0,245.4,Sin stock
2017-12-31,P366,3,103,12,91,12,124,0,109,245.4,Normal
2017-12-31,P366,7,0,0,0,72,240,240,0,245.4,Sin stock
2017-12-31,P367,2,75,8,67,39,123,0,82,231.58,Normal
2017-12-31,P367,3,47,2,45,22,78,0,53,231.58,Normal
2017-12-31,P367,4,80,9,71,55,195,0,176,231.58,Normal
2017-12-31,P368,3,46,3,43,26,82,0,52,262.4,Normal
2017-12-31,P368,6,6,2,4,24,80,76,65,262.4,Bajo minimo
2017-12-31,P368,7,94,2,92,33,117,0,90,262.4,Normal
2017-12-31,P369,2,12,6,6,10,66,60,54,266.15,Bajo minimo
2017-12-31,P369,3,98,6,92,45,185,0,133,266.15,Normal
2017-12-31,P369,9,30,3,27,12,124,0,94,266.15,Normal
2017-12-31,P370,1,93,6,87,24,108,0,0,252.31,Normal
2017-12-31,P370,3,12,3,9,15,155,146,143,252.31,Bajo minimo
2017-12-31,P370,7,200,12,188,60,228,0,147,252.31,Normal
2017-12-31,P371,3,0,0,0,12,40,40,0,239.95,Sin stock
2017-12-31,P371,6,71,15,56,30,198,0,180,239.95,Normal
2017-12-31,P371,9,102,5,97,35,175,0,156,239.95,Normal
2017-12-31,P372,1,2,1,1,4,32,31,26,219.69,Bajo minimo
2017-12-31,P372,3,5,1,4,6,34,30,33,219.69,Bajo minimo
2017-12-31,P372,4,0,0,0,20,160,160,175,219.69,Sin stock
2017-12-31,P373,1,63,5,58,55,195,0,110,258.1,Normal
2017-12-31,P373,3,16,3,13,14,42,29,22,258.1,Bajo minimo
2017-12-31,P373,8,17,9,8,45,185,177,148,258.1,Bajo minimo
2017-12-31,P374,3,16,8,8,18,186,178,191,234.26,Bajo minimo
2017-12-31,P374,4,61,0,61,14,70,0,52,234.26,Normal
2017-12-31,P374,5,117,4,113,48,216,0,190,234.26,Normal
2017-12-31,P375,1,11,1,10,14,42,32,25,240.62,Bajo minimo
2017-12-31,P375,6,1,1,0,8,64,64,45,240.62,Sin stock
2017-12-31,P375,8,105,5,100,39,123,0,97,240.62,Normal
2017-12-31,P376,2,0,0,0,66,234,234,0,212.69,Sin stock
2017-12-31,P376,4,23,2,21,9,37,0,31,212.69,Normal
2017-12-31,P376,7,67,3,64,84,252,188,199,212.69,Bajo minimo
2017-12-31,P377,1,23,3,20,14,42,0,34,214.36,Normal
2017-12-31,P377,3,19,8,11,24,108,97,78,214.36,Bajo minimo
2017-12-31,P377,9,69,3,66,20,76,0,0,214.36,Normal
2017-12-31,P378,2,33,0,33,24,80,0,52,223.92,Normal
2017-12-31,P378,4,4,2,2,3,31,29,27,223.92,Bajo minimo
2017-12-31,P378,6,128,7,121,78,246,0,189,223.92,Normal
2017-12-31,P379,5,0,0,0,45,185,185,0,207.08,Sin stock
2017-12-31,P379,6,37,5,32,10,66,0,62,207.08,Normal
2017-12-31,P379,9,154,14,140,50,190,0,145,207.08,Normal
2017-12-31,P380,4,78,0,78,39,123,0,83,227.48,Normal
2017-12-31,P380,6,38,9,29,20,132,0,100,227.48,Normal
2017-12-31,P380,7,23,1,22,5,33,0,33,227.48,Normal
2017-12-31,P381,3,47,18,29,36,204,175,178,2313.07,Bajo minimo
2017-12-31,P381,4,11,5,6,30,170,164,141,2313.07,Bajo minimo
2017-12-31,P381,7,103,7,96,16,128,0,101,2313.07,Normal
2017-12-31,P382,5,24,0,24,26,82,58,58,2128.67,Bajo minimo
2017-12-31,P382,6,28,2,26,30,114,88,91,2128.67,Bajo minimo
2017-12-31,P382,8,0,0,0,36,204,204,0,2128.67,Sin stock
2017-12-31,P383,4,9,2,7,12,40,33,34,1740.31,Bajo minimo
2017-12-31,P383,6,174,5,169,42,210,0,177,1740.31,Normal
2017-12-31,P383,9,24,6,18,10,66,0,61,1740.31,Normal
2017-12-31,P384,2,51,6,45,10,66,0,63,1602.21,Normal
2017-12-31,P384,5,0,0,0,21,105,105,0,1602.21,Sin stock
2017-12-31,P384,9,105,0,105,16,128,0,107,1602.21,Normal
2017-12-31,P385,1,91,3,88,20,132,0,0,1715.91,Normal
2017-12-31,P385,8,49,2,47,12,68,0,74,1715.91,Normal
2017-12-31,P385,9,18,3,15,12,40,0,26,1715.91,Normal
2017-12-31,P386,1,8,2,6,14,42,36,28,1328.03,Bajo minimo
2017-12-31,P386,6,37,6,31,6,62,0,49,1328.03,Normal
2017-12-31,P386,9,0,0,0,15,155,155,155,1328.03,Sin stock
2017-12-31,P387,2,98,2,96,18,186,0,181,1268.42,Normal
2017-12-31,P387,6,91,1,90,35,175,0,158,1268.42,Normal
2017-12-31,P387,9,4,2,2,14,70,68,57,1268.42,Bajo minimo
2017-12-31,P388,5,76,8,68,56,168,0,129,1237.04,Normal
2017-12-31,P388,7,47,6,41,42,210,169,164,1237.04,Bajo minimo
2017-12-31,P388,8,40,2,38,13,41,0,0,1237.04,Normal
2017-12-31,P389,1,58,3,55,39,123,0,88,1343.84,Normal
2017-12-31,P389,5,0,0,0,40,180,180,0,1343.84,Sin stock
2017-12-31,P389,6,140,9,131,40,180,0,161,1343.84,Normal
2017-12-31,P390,1,11,4,7,30,114,107,73,1129.39,Bajo minimo
2017-12-31,P390,3,61,2,59,16,72,0,52,1129.39,Normal
2017-12-31,P390,5,96,0,96,36,120,0,94,1129.39,Normal
2017-12-31,P391,6,28,0,28,8,36,0,34,936.42,Normal
2017-12-31,P391,7,137,0,137,24,192,0,174,936.42,Normal
2017-12-31,P391,9,35,0,35,14,42,0,26,936.42,Normal
2017-12-31,P392,3,30,3,27,44,156,129,112,706.99,Bajo minimo
2017-12-31,P392,4,103,11,92,12,124,0,120,706.99,Normal
2017-12-31,P392,8,56,1,55,10,66,0,65,706.99,Normal
2017-12-31,P393,1,81,11,70,54,222,0,195,760.59,Normal
2017-12-31,P393,5,58,8,50,16,128,0,136,760.59,Normal
2017-12-31,P393,6,74,3,71,28,84,0,53,760.59,Normal
2017-12-31,P394,2,110,7,103,56,168,0,113,799.05,Normal
2017-12-31,P394,6,32,3,29,26,82,0,56,799.05,Normal
2017-12-31,P394,7,8,5,3,28,140,137,110,799.05,Bajo minimo
2017-12-31,P395,1,0,0,0,12,124,124,0,781.91,Sin stock
2017-12-31,P395,2,53,5,48,18,74,0,62,781.91,Normal
2017-12-31,P395,4,51,6,45,22,78,0,66,781.91,Normal
2017-12-31,P396,1,50,1,49,12,96,0,98,688.35,Normal
2017-12-31,P396,2,0,0,0,14,70,70,0,688.35,Sin stock
2017-12-31,P396,4,3,3,0,16,72,72,77,688.35,Sin stock
2017-12-31,P397,4,21,2,19,11,39,0,28,696.14,Normal
2017-12-31,P397,5,6,4,2,12,68,66,54,696.14,Bajo minimo
2017-12-31,P397,6,17,3,14,12,40,0,26,696.14,Normal
2017-12-31,P398,4,0,0,0,9,93,93,84,742.94,Sin stock
2017-12-31,P398,5,23,7,16,42,210,194,153,742.94,Bajo minimo
2017-12-31,P398,8,37,1,36,13,41,0,33,742.94,Normal
2017-12-31,P399,2,0,0,0,6,34,34,0,702.35,Sin stock
2017-12-31,P399,4,20,0,20,12,40,0,30,702.35,Normal
2017-12-31,P399,6,87,8,79,20,160,0,143,702.35,Normal
2017-12-31,P400,4,0,0,0,14,42,42,0,753.18,Sin stock
2017-12-31,P400,5,0,0,0,12,68,68,0,753.18,Sin stock
2017-12-31,P400,9,7,1,6,5,33,0,19,753.18,Normal
