ProductID,WarehouseID,LeadTimeDays,MinimumStock,TargetStock,Scenario
P001,6,13,78,246,Exceso
P001,8,7,21,105,Normal
P001,9,12,36,120,Normal
P002,3,10,50,190,Demora
P002,7,13,52,164,Normal
P002,8,7,14,70,Normal
P003,2,8,8,36,Normal
P003,5,13,52,164,Normal
P003,6,12,72,240,Exceso
P004,3,5,5,33,Normal
P004,4,6,36,204,Demora
P004,6,9,27,111,Normal
P005,3,5,5,33,Demora
P005,7,14,70,210,Normal
P005,8,10,60,228,Normal
P006,2,4,24,192,Exceso
P006,6,6,36,204,Sin demanda
P006,8,4,16,128,Normal
P007,3,8,8,36,Normal
P007,8,3,12,124,Normal
P007,9,12,48,160,Normal
P008,1,10,60,228,Demora
P008,4,14,56,168,Sin demanda
P008,7,13,52,164,Normal
P009,1,9,18,74,Normal
P009,3,14,42,126,Normal
P009,8,12,60,200,Exceso
P010,4,11,55,195,Normal
P010,6,5,20,132,Normal
P010,9,11,22,78,Normal
P011,5,10,20,76,Normal
P011,8,12,12,40,Normal
P011,9,14,28,84,Normal
P012,1,10,20,76,Exceso
P012,4,10,20,76,Normal
P012,5,11,66,234,Normal
P013,1,14,56,168,Normal
P013,6,12,48,160,Exceso
P013,7,8,24,108,Demora
P014,1,14,56,168,Sin demanda
P014,5,4,24,192,Normal
P014,6,6,6,34,Normal
P015,2,3,6,62,Normal
P015,5,10,20,76,Normal
P015,6,7,35,175,Exceso
P016,1,4,4,32,Sin demanda
P016,4,13,26,82,Normal
P016,5,10,20,76,Normal
P017,1,11,44,156,Demora
P017,2,4,16,128,Demora
P017,3,10,10,38,Normal
P018,2,12,36,120,Normal
P018,4,12,24,80,Normal
P018,6,3,15,155,Sin demanda
P019,3,13,52,164,Normal
P019,5,6,30,170,Normal
P019,9,10,60,228,Demora
P020,3,7,14,70,Normal
P020,5,14,42,126,Normal
P020,8,6,36,204,Normal
P021,1,3,15,155,Normal
P021,4,14,28,84,Normal
P021,5,10,20,76,Normal
P022,3,11,33,117,Demora
P022,4,5,5,33,Normal
P022,9,13,39,123,Normal
P023,3,4,8,64,Normal
P023,7,9,54,222,Normal
P023,8,8,8,36,Demora
P024,4,3,6,62,Exceso
P024,5,4,16,128,Normal
P024,9,11,33,117,Exceso
P025,1,7,14,70,Exceso
P025,3,10,50,190,Normal
P025,9,14,84,252,Normal
P026,1,9,45,185,Normal
P026,7,7,35,175,Demora
P026,8,4,8,64,Demora
P027,1,11,33,117,Normal
P027,3,6,18,102,Exceso
P027,9,11,55,195,Exceso
P028,1,6,24,136,Normal
P028,4,6,6,34,Normal
P028,6,9,36,148,Normal
P029,5,14,84,252,Normal
P029,7,4,12,96,Normal
P029,8,8,16,72,Normal
P030,1,12,60,200,Demora
P030,6,8,16,72,Normal
P030,7,10,50,190,Normal
P031,1,5,5,33,Demora
P031,2,6,24,136,Demora
P031,5,6,30,170,Normal
P032,1,13,65,205,Exceso
P032,4,10,50,190,Normal
P032,9,10,40,152,Demora
P033,6,6,36,204,Normal
P033,7,4,20,160,Sin demanda
P033,9,3,12,124,Normal
P034,4,14,56,168,Normal
P034,5,12,72,240,Normal
P034,6,3,9,93,Demora
P035,5,8,24,108,Normal
P035,6,14,56,168,Exceso
P035,8,14,42,126,Normal
P036,3,7,28,140,Demora
P036,6,5,30,198,Normal
P036,7,6,30,170,Normal
P037,1,7,21,105,Normal
P037,4,10,50,190,Demora
P037,6,7,7,35,Normal
P038,4,4,8,64,Demora
P038,6,10,10,38,Exceso
P038,9,11,33,117,Exceso
P039,2,13,78,246,Demora
P039,5,6,18,102,Normal
P039,6,4,8,64,Normal
P040,1,6,18,102,Normal
P040,2,12,24,80,Normal
P040,9,7,28,140,Normal
P041,1,9,9,37,Normal
P041,2,3,6,62,Normal
P041,3,5,20,132,Normal
P042,1,11,44,156,Exceso
P042,4,11,66,234,Sin demanda
P042,8,11,44,156,Sin demanda
P043,5,10,30,114,Exceso
P043,6,12,48,160,Demora
P043,8,6,18,102,Normal
P044,2,4,16,128,Normal
P044,5,7,28,140,Normal
P044,7,13,26,82,Normal
P045,1,12,12,40,Normal
P045,2,10,20,76,Normal
P045,9,14,56,168,Normal
P046,5,13,26,82,Demora
P046,7,8,16,72,Demora
P046,9,5,15,99,Normal
P047,2,5,20,132,Normal
P047,5,3,12,124,Demora
P047,9,14,28,84,Exceso
P048,1,9,27,111,Normal
P048,6,10,50,190,Normal
P048,9,14,56,168,Normal
P049,7,8,32,144,Normal
P049,8,4,12,96,Exceso
P049,9,7,7,35,Demora
P050,2,6,24,136,Normal
P050,4,7,21,105,Normal
P050,9,8,40,180,Demora
P051,6,7,14,70,Normal
P051,8,12,60,200,Normal
P051,9,10,40,152,Normal
P052,1,3,18,186,Normal
P052,2,13,78,246,Exceso
P052,8,13,78,246,Normal
P053,2,8,8,36,Normal
P053,5,7,28,140,Normal
P053,6,13,78,246,Exceso
P054,3,11,55,195,Normal
P054,5,7,28,140,Normal
P054,7,3,18,186,Normal
P055,4,12,24,80,Normal
P055,6,3,12,124,Demora
P055,7,10,60,228,Normal
P056,1,12,12,40,Normal
P056,4,11,44,156,Normal
P056,9,11,55,195,Normal
P057,1,8,24,108,Normal
P057,2,5,15,99,Normal
P057,4,3,15,155,Normal
P058,3,12,12,40,Normal
P058,5,11,11,39,Normal
P058,9,6,36,204,Normal
P059,4,8,16,72,Normal
P059,6,5,15,99,Exceso
P059,9,4,12,96,Normal
P060,4,3,18,186,Normal
P060,5,9,36,148,Normal
P060,7,7,35,175,Normal
P061,2,6,30,170,Normal
P061,4,13,13,41,Normal
P061,9,8,32,144,Normal
P062,6,5,10,66,Normal
P062,7,10,40,152,Normal
P062,9,11,44,156,Sin demanda
P063,2,3,18,186,Normal
P063,3,14,42,126,Normal
P063,8,14,70,210,Normal
P064,1,9,18,74,Normal
P064,3,9,36,148,Normal
P064,5,9,27,111,Normal
P065,1,3,12,124,Normal
P065,2,12,12,40,Normal
P065,5,12,60,200,Normal
P066,1,5,5,33,Exceso
P066,3,7,28,140,Normal
P066,7,11,55,195,Normal
P067,3,11,44,156,Normal
P067,6,7,7,35,Demora
P067,8,9,27,111,Exceso
P068,6,11,44,156,Normal
P068,8,11,22,78,Normal
P068,9,12,60,200,Exceso
P069,1,7,7,35,Normal
P069,3,13,26,82,Normal
P069,8,12,60,200,Normal
P070,1,3,6,62,Exceso
P070,4,8,8,36,Demora
P070,8,13,52,164,Sin demanda
P071,1,8,40,180,Normal
P071,2,12,60,200,Normal
P071,6,8,24,108,Normal
P072,2,11,11,39,Normal
P072,5,13,39,123,Normal
P072,8,14,84,252,Normal
P073,4,3,9,93,Normal
P073,5,12,48,160,Normal
P073,6,9,9,37,Demora
P074,6,13,78,246,Demora
P074,7,3,18,186,Demora
P074,8,4,12,96,Normal
P075,2,6,18,102,Exceso
P075,5,14,28,84,Normal
P075,6,11,22,78,Normal
P076,4,14,28,84,Normal
P076,5,6,24,136,Sin demanda
P076,8,5,30,198,Demora
P077,6,7,21,105,Exceso
P077,7,3,12,124,Demora
P077,8,11,44,156,Normal
P078,4,6,24,136,Normal
P078,5,3,9,93,Demora
P078,9,12,36,120,Normal
P079,1,14,42,126,Exceso
P079,2,3,15,155,Exceso
P079,4,14,84,252,Normal
P080,2,11,33,117,Normal
P080,5,11,55,195,Demora
P080,9,3,9,93,Normal
P081,1,13,65,205,Normal
P081,3,8,24,108,Normal
P081,6,9,9,37,Demora
P082,1,8,48,216,Normal
P082,3,9,18,74,Normal
P082,8,11,44,156,Normal
P083,6,8,8,36,Normal
P083,7,13,65,205,Exceso
P083,9,12,48,160,Normal
P084,1,5,5,33,Exceso
P084,2,10,20,76,Demora
P084,9,9,45,185,Normal
P085,1,12,72,240,Demora
P085,4,3,15,155,Normal
P085,8,6,18,102,Normal
P086,4,12,60,200,Normal
P086,7,11,66,234,Normal
P086,9,3,6,62,Normal
P087,2,9,54,222,Normal
P087,6,12,36,120,Normal
P087,9,6,36,204,Normal
P088,3,9,18,74,Exceso
P088,6,13,78,246,Normal
P088,8,11,44,156,Normal
P089,6,13,52,164,Demora
P089,8,14,56,168,Normal
P089,9,7,7,35,Exceso
P090,1,3,3,31,Normal
P090,5,8,8,36,Normal
P090,8,6,24,136,Normal
P091,1,9,54,222,Normal
P091,2,13,39,123,Normal
P091,6,9,18,74,Normal
P092,1,11,66,234,Demora
P092,4,11,66,234,Normal
P092,6,8,8,36,Normal
P093,4,3,15,155,Normal
P093,5,7,35,175,Demora
P093,9,9,45,185,Normal
P094,4,11,33,117,Normal
P094,5,7,21,105,Normal
P094,8,14,14,42,Exceso
P095,5,9,18,74,Demora
P095,6,12,24,80,Normal
P095,8,14,42,126,Demora
P096,1,3,18,186,Normal
P096,6,7,21,105,Normal
P096,7,10,60,228,Normal
P097,1,8,16,72,Demora
P097,6,6,24,136,Normal
P097,7,14,42,126,Normal
P098,1,7,21,105,Demora
P098,4,9,36,148,Normal
P098,7,13,52,164,Sin demanda
P099,3,12,48,160,Sin demanda
P099,5,3,3,31,Normal
P099,8,13,26,82,Normal
P100,2,6,24,136,Normal
P100,3,3,3,31,Demora
P100,6,11,22,78,Demora
P101,2,14,84,252,Normal
P101,3,8,40,180,Normal
P101,7,10,20,76,Exceso
P102,4,6,24,136,Demora
P102,5,12,24,80,Exceso
P102,8,8,40,180,Normal
P103,3,8,8,36,Demora
P103,7,8,48,216,Normal
P103,8,8,40,180,Normal
P104,4,7,35,175,Normal
P104,6,5,30,198,Normal
P104,8,10,20,76,Normal
P105,2,7,42,210,Demora
P105,4,12,48,160,Exceso
P105,9,8,48,216,Normal
P106,2,5,5,33,Normal
P106,3,5,25,165,Exceso
P106,9,3,12,124,Normal
P107,5,3,6,62,Normal
P107,6,12,72,240,Normal
P107,7,4,20,160,Demora
P108,3,5,20,132,Normal
P108,4,12,24,80,Normal
P108,7,12,72,240,Demora
P109,5,6,24,136,Exceso
P109,6,13,39,123,Exceso
P109,8,7,35,175,Normal
P110,4,10,30,114,Exceso
P110,5,5,30,198,Demora
P110,7,7,14,70,Normal
P111,2,5,5,33,Exceso
P111,6,10,40,152,Normal
P111,8,8,24,108,Normal
P112,5,13,65,205,Demora
P112,7,12,72,240,Normal
P112,8,11,33,117,Normal
P113,2,5,10,66,Demora
P113,5,4,16,128,Normal
P113,8,14,56,168,Normal
P114,3,9,27,111,Normal
P114,4,13,78,246,Normal
P114,6,6,6,34,Normal
P115,1,14,14,42,Normal
P115,6,5,20,132,Normal
P115,9,3,3,31,Exceso
P116,1,8,40,180,Normal
P116,3,4,16,128,Normal
P116,8,12,12,40,Sin demanda
P117,4,4,12,96,Normal
P117,7,3,9,93,Normal
P117,8,8,40,180,Normal
P118,3,10,40,152,Exceso
P118,6,13,39,123,Sin demanda
P118,8,11,66,234,Normal
P119,1,6,36,204,Demora
P119,8,3,18,186,Demora
P119,9,10,20,76,Normal
P120,1,10,30,114,Normal
P120,6,7,42,210,Demora
P120,8,3,9,93,Normal
P121,1,10,50,190,Normal
P121,2,3,3,31,Normal
P121,3,4,16,128,Normal
P122,3,8,24,108,Normal
P122,4,10,50,190,Normal
P122,5,4,8,64,Normal
P123,2,3,18,186,Normal
P123,4,13,52,164,Exceso
P123,5,7,21,105,Demora
P124,1,10,30,114,Normal
P124,7,7,42,210,Normal
P124,9,9,45,185,Normal
P125,5,10,10,38,Sin demanda
P125,6,3,3,31,Normal
P125,9,12,24,80,Normal
P126,1,10,10,38,Exceso
P126,7,11,55,195,Normal
P126,8,5,25,165,Exceso
P127,1,11,33,117,Normal
P127,4,14,42,126,Normal
P127,8,8,32,144,Normal
P128,3,8,48,216,Normal
P128,5,8,8,36,Sin demanda
P128,9,5,30,198,Demora
P129,6,6,12,68,Normal
P129,7,3,12,124,Normal
P129,8,8,8,36,Normal
P130,4,7,42,210,Normal
P130,5,14,14,42,Demora
P130,6,5,30,198,Normal
P131,1,7,28,140,Exceso
P131,2,8,16,72,Normal
P131,4,9,54,222,Demora
P132,2,6,18,102,Demora
P132,3,4,12,96,Exceso
P132,8,3,6,62,Normal
P133,1,10,40,152,Normal
P133,2,3,15,155,Demora
P133,6,5,30,198,Demora
P134,3,11,33,117,Normal
P134,7,13,78,246,Normal
P134,8,5,5,33,Normal
P135,3,11,22,78,Normal
P135,7,11,33,117,Sin demanda
P135,8,14,28,84,Normal
P136,4,5,5,33,Exceso
P136,5,11,22,78,Normal
P136,6,4,16,128,Demora
P137,1,14,28,84,Exceso
P137,5,8,24,108,Exceso
P137,7,8,24,108,Normal
P138,4,7,7,35,Demora
P138,5,11,33,117,Normal
P138,9,10,50,190,Normal
P139,1,6,18,102,Normal
P139,5,4,12,96,Normal
P139,6,9,54,222,Normal
P140,3,8,24,108,Demora
P140,8,4,16,128,Demora
P140,9,8,8,36,Demora
P141,2,7,28,140,Normal
P141,5,3,3,31,Normal
P141,9,7,7,35,Normal
P142,7,14,70,210,Normal
P142,8,3,12,124,Sin demanda
P142,9,14,28,84,Exceso
P143,3,4,12,96,Normal
P143,6,14,28,84,Normal
P143,9,4,20,160,Exceso
P144,2,9,18,74,Normal
P144,3,7,42,210,Normal
P144,8,12,24,80,Normal
P145,1,3,18,186,Normal
P145,5,3,15,155,Sin demanda
P145,9,13,13,41,Demora
P146,3,8,32,144,Exceso
P146,5,4,8,64,Normal
P146,7,10,60,228,Normal
P147,2,7,21,105,Normal
P147,5,13,52,164,Normal
P147,8,5,10,66,Demora
P148,5,7,21,105,Normal
P148,6,8,8,36,Demora
P148,9,7,42,210,Normal
P149,1,9,54,222,Exceso
P149,3,7,21,105,Normal
P149,9,14,28,84,Exceso
P150,3,4,24,192,Sin demanda
P150,4,4,12,96,Normal
P150,8,13,26,82,Sin demanda
P151,3,14,28,84,Exceso
P151,5,14,14,42,Normal
P151,9,9,18,74,Demora
P152,1,11,44,156,Sin demanda
P152,2,9,45,185,Normal
P152,5,5,20,132,Normal
P153,1,14,70,210,Normal
P153,4,12,24,80,Demora
P153,6,7,42,210,Demora
P154,1,10,60,228,Demora
P154,7,4,4,32,Normal
P154,9,13,78,246,Normal
P155,1,3,3,31,Normal
P155,4,9,54,222,Demora
P155,9,9,45,185,Demora
P156,5,10,10,38,Exceso
P156,6,11,22,78,Normal
P156,7,13,52,164,Demora
P157,1,4,24,192,Normal
P157,2,10,20,76,Exceso
P157,9,6,6,34,Normal
P158,3,14,84,252,Normal
P158,5,4,20,160,Exceso
P158,8,11,11,39,Normal
P159,3,9,36,148,Exceso
P159,6,14,84,252,Normal
P159,7,8,8,36,Exceso
P160,2,10,60,228,Sin demanda
P160,3,14,42,126,Normal
P160,6,6,12,68,Normal
P161,3,13,65,205,Normal
P161,4,8,32,144,Normal
P161,5,9,9,37,Demora
P162,3,11,22,78,Normal
P162,7,8,48,216,Normal
P162,9,5,5,33,Normal
P163,1,10,60,228,Normal
P163,2,14,42,126,Normal
P163,5,5,20,132,Normal
P164,5,6,18,102,Normal
P164,6,7,35,175,Exceso
P164,9,4,16,128,Exceso
P165,1,7,7,35,Normal
P165,3,7,21,105,Normal
P165,9,5,30,198,Exceso
P166,4,8,16,72,Demora
P166,6,9,18,74,Normal
P166,9,10,50,190,Normal
P167,1,5,25,165,Normal
P167,4,10,60,228,Normal
P167,9,9,45,185,Exceso
P168,2,10,60,228,Normal
P168,6,12,36,120,Normal
P168,7,5,25,165,Normal
P169,2,8,40,180,Normal
P169,7,6,12,68,Normal
P169,9,10,10,38,Normal
P170,3,9,45,185,Normal
P170,5,8,40,180,Sin demanda
P170,7,12,12,40,Normal
P171,1,9,27,111,Normal
P171,8,7,21,105,Normal
P171,9,3,6,62,Normal
P172,4,10,40,152,Exceso
P172,5,10,50,190,Normal
P172,6,12,36,120,Exceso
P173,1,5,20,132,Exceso
P173,5,9,27,111,Normal
P173,6,13,78,246,Normal
P174,2,9,36,148,Normal
P174,5,14,42,126,Normal
P174,8,12,72,240,Normal
P175,2,6,12,68,Normal
P175,6,4,24,192,Normal
P175,9,3,3,31,Sin demanda
P176,1,13,78,246,Normal
P176,6,6,24,136,Normal
P176,9,11,33,117,Normal
P177,2,6,6,34,Normal
P177,5,13,78,246,Sin demanda
P177,7,8,48,216,Normal
P178,2,14,70,210,Normal
P178,7,4,24,192,Exceso
P178,8,9,18,74,Demora
P179,2,12,12,40,Normal
P179,3,7,14,70,Sin demanda
P179,4,6,6,34,Demora
P180,1,5,5,33,Normal
P180,2,4,20,160,Normal
P180,9,12,48,160,Normal
P181,4,9,36,148,Normal
P181,8,6,36,204,Normal
P181,9,10,30,114,Exceso
P182,3,8,48,216,Exceso
P182,7,11,22,78,Normal
P182,9,7,28,140,Normal
P183,1,7,28,140,Exceso
P183,5,7,7,35,Normal
P183,6,12,24,80,Normal
P184,3,3,3,31,Normal
P184,5,4,24,192,Normal
P184,6,13,26,82,Normal
P185,2,10,40,152,Normal
P185,3,7,42,210,Exceso
P185,5,4,20,160,Normal
P186,3,3,6,62,Normal
P186,6,9,18,74,Demora
P186,7,13,13,41,Demora
P187,2,13,78,246,Exceso
P187,4,7,28,140,Demora
P187,6,14,56,168,Demora
P188,5,11,22,78,Normal
P188,6,9,54,222,Normal
P188,7,13,65,205,Normal
P189,3,8,32,144,Normal
P189,7,14,56,168,Normal
P189,8,13,26,82,Normal
P190,3,8,24,108,Exceso
P190,8,7,42,210,Exceso
P190,9,3,15,155,Exceso
P191,6,3,6,62,Normal
P191,7,7,14,70,Normal
P191,8,3,9,93,Exceso
P192,1,14,14,42,Normal
P192,2,3,3,31,Exceso
P192,8,5,10,66,Normal
P193,2,8,40,180,Demora
P193,5,12,72,240,Normal
P193,7,4,16,128,Exceso
P194,5,4,8,64,Normal
P194,6,14,42,126,Normal
P194,8,10,50,190,Normal
P195,5,9,54,222,Normal
P195,8,4,12,96,Normal
P195,9,3,9,93,Normal
P196,3,14,56,168,Normal
P196,5,14,28,84,Normal
P196,6,8,8,36,Normal
P197,2,10,50,190,Demora
P197,3,10,40,152,Exceso
P197,7,11,44,156,Sin demanda
P198,3,14,70,210,Exceso
P198,4,12,36,120,Demora
P198,7,6,12,68,Normal
P199,4,10,40,152,Exceso
P199,5,13,78,246,Demora
P199,6,10,50,190,Normal
P200,2,5,30,198,Normal
P200,7,12,48,160,Normal
P200,9,6,30,170,Demora
P201,2,8,32,144,Normal
P201,5,3,3,31,Normal
P201,7,11,11,39,Exceso
P202,3,4,8,64,Exceso
P202,6,9,9,37,Normal
P202,7,14,70,210,Normal
P203,5,9,27,111,Normal
P203,8,8,16,72,Normal
P203,9,12,24,80,Normal
P204,2,13,78,246,Normal
P204,6,13,52,164,Normal
P204,9,11,66,234,Normal
P205,3,11,55,195,Normal
P205,4,11,22,78,Demora
P205,7,5,5,33,Normal
P206,4,3,12,124,Demora
P206,5,9,18,74,Normal
P206,6,6,24,136,Normal
P207,1,4,24,192,Normal
P207,3,11,11,39,Normal
P207,9,3,3,31,Normal
P208,1,4,20,160,Sin demanda
P208,2,7,14,70,Sin demanda
P208,9,12,48,160,Normal
P209,1,4,4,32,Exceso
P209,3,7,7,35,Demora
P209,4,5,20,132,Normal
P210,3,12,48,160,Normal
P210,5,13,26,82,Demora
P210,8,11,11,39,Normal
P211,3,4,4,32,Normal
P211,5,8,16,72,Normal
P211,6,13,78,246,Normal
P212,1,10,60,228,Demora
P212,5,9,54,222,Demora
P212,6,7,28,140,Normal
P213,1,10,50,190,Normal
P213,4,10,30,114,Exceso
P213,8,6,24,136,Demora
P214,3,13,26,82,Normal
P214,6,13,13,41,Normal
P214,8,4,12,96,Exceso
P215,2,4,20,160,Normal
P215,3,10,50,190,Normal
P215,5,8,8,36,Normal
P216,1,8,8,36,Normal
P216,3,6,24,136,Exceso
P216,4,9,45,185,Normal
P217,3,9,45,185,Normal
P217,4,14,14,42,Normal
P217,7,13,65,205,Demora
P218,3,3,3,31,Demora
P218,7,12,72,240,Exceso
P218,9,8,48,216,Normal
P219,2,13,65,205,Normal
P219,4,11,11,39,Normal
P219,8,8,40,180,Sin demanda
P220,2,5,5,33,Demora
P220,5,4,4,32,Normal
P220,6,9,36,148,Exceso
P221,3,11,44,156,Sin demanda
P221,4,11,11,39,Normal
P221,9,8,16,72,Normal
P222,3,3,15,155,Normal
P222,4,4,20,160,Normal
P222,5,11,44,156,Exceso
P223,2,14,42,126,Demora
P223,5,13,65,205,Normal
P223,6,14,56,168,Sin demanda
P224,4,3,3,31,Normal
P224,8,13,39,123,Normal
P224,9,14,84,252,Normal
P225,1,14,70,210,Normal
P225,3,6,30,170,Normal
P225,6,3,9,93,Normal
P226,3,6,12,68,Normal
P226,6,5,20,132,Normal
P226,9,13,52,164,Demora
P227,3,13,26,82,Sin demanda
P227,6,14,84,252,Exceso
P227,9,11,66,234,Normal
P228,5,5,10,66,Sin demanda
P228,8,14,84,252,Demora
P228,9,12,72,240,Normal
P229,2,8,40,180,Normal
P229,5,10,10,38,Normal
P229,9,11,22,78,Sin demanda
P230,3,7,35,175,Normal
P230,5,11,66,234,Normal
P230,9,9,27,111,Normal
P231,2,12,36,120,Demora
P231,4,4,24,192,Normal
P231,6,7,14,70,Normal
P232,2,3,3,31,Exceso
P232,7,6,12,68,Normal
P232,9,3,9,93,Normal
P233,3,11,11,39,Demora
P233,6,9,36,148,Normal
P233,8,13,65,205,Normal
P234,2,4,8,64,Normal
P234,5,13,39,123,Normal
P234,7,11,33,117,Demora
P235,1,3,18,186,Sin demanda
P235,4,12,60,200,Demora
P235,6,7,7,35,Normal
P236,3,12,72,240,Demora
P236,5,5,25,165,Normal
P236,8,9,9,37,Normal
P237,1,3,15,155,Normal
P237,2,9,45,185,Normal
P237,4,14,84,252,Normal
P238,3,5,5,33,Normal
P238,5,6,6,34,Normal
P238,7,8,40,180,Exceso
P239,5,9,54,222,Normal
P239,6,10,40,152,Normal
P239,7,3,12,124,Demora
P240,3,5,15,99,Exceso
P240,5,10,30,114,Normal
P240,6,3,6,62,Normal
P241,1,5,15,99,Normal
P241,2,3,15,155,Sin demanda
P241,9,13,13,41,Normal
P242,1,8,32,144,Normal
P242,2,3,3,31,Normal
P242,7,5,5,33,Normal
P243,2,7,14,70,Normal
P243,3,8,32,144,Normal
P243,7,6,12,68,Normal
P244,1,6,12,68,Normal
P244,2,14,42,126,Demora
P244,4,14,28,84,Normal
P245,2,10,40,152,Exceso
P245,3,14,42,126,Normal
P245,5,7,7,35,Demora
P246,2,10,50,190,Exceso
P246,4,9,36,148,Normal
P246,5,8,8,36,Normal
P247,2,6,36,204,Normal
P247,3,13,39,123,Demora
P247,5,11,55,195,Exceso
P248,1,7,35,175,Normal
P248,6,9,54,222,Exceso
P248,7,11,66,234,Normal
P249,1,6,36,204,Normal
P249,3,12,12,40,Exceso
P249,4,8,40,180,Exceso
P250,3,14,14,42,Normal
P250,6,7,42,210,Normal
P250,7,8,16,72,Normal
P251,1,13,65,205,Normal
P251,6,8,24,108,Normal
P251,7,10,50,190,Demora
P252,3,14,56,168,Exceso
P252,6,8,16,72,Normal
P252,7,13,13,41,Normal
P253,3,5,25,165,Normal
P253,8,3,15,155,Normal
P253,9,5,10,66,Normal
P254,4,6,30,170,Normal
P254,6,6,30,170,Demora
P254,8,9,45,185,Normal
P255,3,6,24,136,Normal
P255,6,4,4,32,Exceso
P255,8,5,15,99,Normal
P256,1,13,26,82,Normal
P256,6,3,15,155,Demora
P256,9,6,36,204,Normal
P257,2,4,8,64,Normal
P257,4,9,18,74,Normal
P257,8,13,52,164,Exceso
P258,1,5,20,132,Normal
P258,2,5,20,132,Normal
P258,7,8,24,108,Sin demanda
P259,1,4,24,192,Normal
P259,5,5,5,33,Exceso
P259,9,3,6,62,Normal
P260,6,6,18,102,Exceso
P260,7,13,26,82,Demora
P260,9,8,48,216,Exceso
P261,1,9,27,111,Normal
P261,5,5,30,198,Demora
P261,7,8,48,216,Normal
P262,1,9,45,185,Normal
P262,2,10,50,190,Sin demanda
P262,4,3,15,155,Normal
P263,3,13,26,82,Normal
P263,4,10,10,38,Normal
P263,9,7,35,175,Demora
P264,1,9,9,37,Exceso
P264,3,10,20,76,Normal
P264,6,3,12,124,Normal
P265,1,10,30,114,Normal
P265,2,8,8,36,Demora
P265,6,8,16,72,Normal
P266,4,14,84,252,Normal
P266,5,7,7,35,Normal
P266,8,3,9,93,Normal
P267,4,8,40,180,Normal
P267,5,10,60,228,Normal
P267,9,7,14,70,Exceso
P268,2,10,10,38,Demora
P268,7,9,45,185,Normal
P268,9,6,36,204,Normal
P269,3,7,14,70,Normal
P269,4,6,6,34,Normal
P269,8,10,50,190,Normal
P270,4,4,12,96,Normal
P270,7,13,65,205,Normal
P270,9,3,6,62,Normal
P271,3,11,11,39,Demora
P271,8,9,54,222,Normal
P271,9,6,30,170,Normal
P272,2,5,15,99,Normal
P272,6,3,18,186,Normal
P272,8,11,22,78,Normal
P273,1,7,35,175,Demora
P273,6,3,3,31,Demora
P273,7,14,28,84,Demora
P274,2,9,54,222,Normal
P274,6,8,48,216,Normal
P274,8,7,35,175,Demora
P275,4,11,55,195,Exceso
P275,8,10,10,38,Normal
P275,9,12,12,40,Normal
P276,6,9,54,222,Normal
P276,7,11,33,117,Demora
P276,9,13,39,123,Normal
P277,1,9,54,222,Normal
P277,6,7,42,210,Normal
P277,8,14,70,210,Normal
P278,5,14,42,126,Normal
P278,7,11,11,39,Exceso
P278,9,5,25,165,Normal
P279,3,12,12,40,Normal
P279,5,12,12,40,Exceso
P279,6,12,12,40,Normal
P280,1,8,16,72,Normal
P280,5,10,50,190,Normal
P280,6,11,22,78,Demora
P281,1,12,60,200,Demora
P281,5,5,15,99,Sin demanda
P281,7,4,20,160,Sin demanda
P282,2,12,24,80,Demora
P282,5,4,20,160,Normal
P282,7,11,11,39,Normal
P283,1,13,13,41,Normal
P283,3,4,16,128,Normal
P283,5,14,28,84,Demora
P284,1,13,52,164,Normal
P284,4,3,3,31,Demora
P284,7,14,56,168,Normal
P285,7,11,33,117,Normal
P285,8,4,20,160,Normal
P285,9,3,12,124,Exceso
P286,2,6,36,204,Normal
P286,3,5,20,132,Normal
P286,8,6,6,34,Demora
P287,4,12,12,40,Normal
P287,8,4,24,192,Normal
P287,9,4,24,192,Demora
P288,4,3,9,93,Demora
P288,6,11,44,156,Exceso
P288,7,10,60,228,Normal
P289,3,11,22,78,Exceso
P289,5,3,3,31,Normal
P289,7,6,24,136,Normal
P290,1,3,9,93,Normal
P290,3,5,25,165,Sin demanda
P290,6,13,39,123,Demora
P291,2,8,24,108,Normal
P291,6,12,36,120,Normal
P291,8,3,12,124,Exceso
P292,4,3,9,93,Normal
P292,8,7,14,70,Normal
P292,9,5,15,99,Exceso
P293,1,5,30,198,Exceso
P293,5,8,32,144,Normal
P293,6,14,70,210,Normal
P294,5,13,78,246,Normal
P294,7,10,30,114,Normal
P294,9,11,11,39,Normal
P295,2,7,28,140,Exceso
P295,3,13,26,82,Demora
P295,6,6,36,204,Normal
P296,5,5,20,132,Normal
P296,7,7,42,210,Normal
P296,8,5,5,33,Sin demanda
P297,4,4,8,64,Normal
P297,5,8,32,144,Normal
P297,9,14,56,168,Normal
P298,2,3,12,124,Normal
P298,3,4,8,64,Normal
P298,7,4,4,32,Normal
P299,3,12,48,160,Normal
P299,7,6,18,102,Normal
P299,9,13,52,164,Exceso
P300,7,10,20,76,Normal
P300,8,12,48,160,Normal
P300,9,6,30,170,Exceso
P301,2,6,12,68,Demora
P301,5,7,42,210,Normal
P301,7,11,33,117,Normal
P302,4,8,24,108,Normal
P302,5,6,24,136,Normal
P302,9,10,30,114,Normal
P303,3,4,8,64,Normal
P303,4,12,48,160,Normal
P303,5,9,9,37,Normal
P304,2,12,12,40,Normal
P304,3,3,18,186,Normal
P304,9,11,44,156,Exceso
P305,5,3,12,124,Normal
P305,6,9,9,37,Normal
P305,8,11,22,78,Normal
P306,1,5,15,99,Exceso
P306,2,9,18,74,Demora
P306,6,3,15,155,Normal
P307,1,9,36,148,Sin demanda
P307,5,10,10,38,Exceso
P307,6,14,14,42,Normal
P308,5,10,20,76,Demora
P308,7,12,60,200,Normal
P308,9,12,72,240,Demora
P309,3,12,72,240,Demora
P309,5,10,40,152,Demora
P309,7,3,6,62,Normal
P310,3,4,20,160,Normal
P310,7,5,25,165,Normal
P310,8,5,10,66,Exceso
P311,2,14,28,84,Sin demanda
P311,3,13,26,82,Normal
P311,9,10,20,76,Normal
P312,2,8,8,36,Exceso
P312,3,5,30,198,Normal
P312,4,9,9,37,Normal
P313,3,12,36,120,Normal
P313,4,8,48,216,Normal
P313,6,5,15,99,Normal
P314,5,14,14,42,Normal
P314,6,9,45,185,Demora
P314,9,11,22,78,Demora
P315,1,11,33,117,Normal
P315,8,4,20,160,Normal
P315,9,5,30,198,Normal
P316,3,5,10,66,Sin demanda
P316,5,12,72,240,Demora
P316,7,10,50,190,Normal
P317,2,14,28,84,Normal
P317,5,10,60,228,Normal
P317,7,7,35,175,Normal
P318,5,13,39,123,Normal
P318,6,9,18,74,Normal
P318,9,4,20,160,Exceso
P319,4,6,30,170,Normal
P319,5,7,7,35,Normal
P319,6,6,30,170,Demora
P320,1,3,15,155,Normal
P320,7,6,6,34,Normal
P320,9,5,10,66,Exceso
P321,2,12,12,40,Normal
P321,8,5,30,198,Normal
P321,9,4,12,96,Normal
P322,4,14,28,84,Normal
P322,6,9,18,74,Demora
P322,8,5,25,165,Normal
P323,5,3,15,155,Normal
P323,6,9,36,148,Normal
P323,9,4,24,192,Normal
P324,3,9,27,111,Demora
P324,8,14,56,168,Exceso
P324,9,3,15,155,Exceso
P325,4,5,30,198,Normal
P325,8,11,55,195,Normal
P325,9,13,26,82,Exceso
P326,3,8,16,72,Normal
P326,5,5,20,132,Normal
P326,7,12,48,160,Normal
P327,2,5,25,165,Normal
P327,7,6,24,136,Normal
P327,9,3,3,31,Normal
P328,1,5,25,165,Normal
P328,4,3,6,62,Normal
P328,5,4,20,160,Exceso
P329,3,6,24,136,Normal
P329,4,9,36,148,Exceso
P329,8,6,6,34,Sin demanda
P330,2,8,24,108,Normal
P330,3,12,60,200,Normal
P330,8,8,32,144,Demora
P331,6,9,27,111,Demora
P331,7,12,48,160,Normal
P331,8,5,10,66,Normal
P332,1,11,44,156,Exceso
P332,4,14,56,168,Normal
P332,5,9,45,185,Exceso
P333,5,9,36,148,Normal
P333,8,12,24,80,Normal
P333,9,12,12,40,Normal
P334,3,12,24,80,Exceso
P334,4,5,25,165,Normal
P334,8,13,13,41,Exceso
P335,4,14,14,42,Normal
P335,8,10,20,76,Normal
P335,9,9,54,222,Normal
P336,4,7,35,175,Normal
P336,5,4,24,192,Normal
P336,7,12,24,80,Demora
P337,3,4,20,160,Normal
P337,4,3,9,93,Exceso
P337,9,6,30,170,Normal
P338,3,11,55,195,Normal
P338,6,6,6,34,Normal
P338,8,12,60,200,Normal
P339,3,4,8,64,Exceso
P339,6,5,25,165,Exceso
P339,9,10,60,228,Normal
P340,3,5,5,33,Demora
P340,8,14,42,126,Normal
P340,9,10,50,190,Normal
P341,3,6,12,68,Normal
P341,7,5,25,165,Normal
P341,8,4,16,128,Sin demanda
P342,5,7,28,140,Normal
P342,8,5,5,33,Normal
P342,9,12,72,240,Normal
P343,1,3,3,31,Demora
P343,2,13,52,164,Normal
P343,8,4,4,32,Normal
P344,2,7,35,175,Demora
P344,5,14,70,210,Normal
P344,7,14,70,210,Normal
P345,4,9,45,185,Normal
P345,6,4,24,192,Normal
P345,7,13,78,246,Normal
P346,3,11,66,234,Normal
P346,6,9,9,37,Normal
P346,9,11,55,195,Normal
P347,1,12,24,80,Normal
P347,2,14,14,42,Normal
P347,7,6,24,136,Exceso
P348,1,4,4,32,Sin demanda
P348,4,8,8,36,Normal
P348,5,9,36,148,Exceso
P349,2,9,18,74,Normal
P349,3,3,3,31,Normal
P349,7,14,56,168,Exceso
P350,1,10,50,190,Exceso
P350,6,5,20,132,Demora
P350,9,7,28,140,Normal
P351,1,4,20,160,Normal
P351,4,10,30,114,Normal
P351,7,14,42,126,Normal
P352,2,4,8,64,Exceso
P352,3,8,48,216,Normal
P352,8,11,11,39,Exceso
P353,1,9,18,74,Normal
P353,4,3,18,186,Normal
P353,9,7,21,105,Normal
P354,1,8,16,72,Demora
P354,3,10,20,76,Normal
P354,8,3,6,62,Demora
P355,2,12,60,200,Normal
P355,7,8,48,216,Demora
P355,8,6,24,136,Normal
P356,2,10,20,76,Demora
P356,6,6,36,204,Normal
P356,7,14,56,168,Normal
P357,3,3,3,31,Normal
P357,7,14,84,252,Sin demanda
P357,9,3,6,62,Normal
P358,1,5,15,99,Sin demanda
P358,4,3,18,186,Normal
P358,8,9,18,74,Exceso
P359,2,4,4,32,Normal
P359,4,14,42,126,Demora
P359,5,6,36,204,Normal
P360,2,7,42,210,Normal
P360,6,3,9,93,Normal
P360,9,13,13,41,Demora
P361,6,7,42,210,Exceso
P361,7,5,10,66,Normal
P361,9,14,14,42,Normal
P362,1,9,27,111,Normal
P362,5,3,15,155,Exceso
P362,6,11,33,117,Normal
P363,3,4,12,96,Sin demanda
P363,4,12,60,200,Demora
P363,6,4,16,128,Normal
P364,1,8,16,72,Sin demanda
P364,7,7,42,210,Normal
P364,9,4,8,64,Normal
P365,4,11,66,234,Normal
P365,7,5,30,198,Demora
P365,9,10,10,38,Exceso
P366,2,13,39,123,Demora
P366,3,3,12,124,Exceso
P366,7,12,72,240,Demora
P367,2,13,39,123,Normal
P367,3,11,22,78,Normal
P367,4,11,55,195,Normal
P368,3,13,26,82,Normal
P368,6,12,24,80,Normal
P368,7,11,33,117,Normal
P369,2,5,10,66,Normal
P369,3,9,45,185,Normal
P369,9,3,12,124,Normal
P370,1,8,24,108,Sin demanda
P370,3,3,15,155,Normal
P370,7,10,60,228,Normal
P371,3,12,12,40,Demora
P371,6,5,30,198,Normal
P371,9,7,35,175,Normal
P372,1,4,4,32,Normal
P372,3,6,6,34,Normal
P372,4,4,20,160,Normal
P373,1,11,55,195,Exceso
P373,3,14,14,42,Normal
P373,8,9,45,185,Normal
P374,3,3,18,186,Normal
P374,4,7,14,70,Normal
P374,5,8,48,216,Normal
P375,1,14,14,42,Normal
P375,6,4,8,64,Normal
P375,8,13,39,123,Normal
P376,2,11,66,234,Demora
P376,4,9,9,37,Exceso
P376,7,14,84,252,Normal
P377,1,14,14,42,Normal
P377,3,8,24,108,Normal
P377,9,10,20,76,Sin demanda
P378,2,12,24,80,Normal
P378,4,3,3,31,Normal
P378,6,13,78,246,Normal
P379,5,9,45,185,Demora
P379,6,5,10,66,Exceso
P379,9,10,50,190,Normal
P380,4,13,39,123,Normal
P380,6,5,20,132,Exceso
P380,7,5,5,33,Exceso
P381,3,6,36,204,Normal
P381,4,6,30,170,Normal
P381,7,4,16,128,Normal
P382,5,13,26,82,Normal
P382,6,10,30,114,Normal
P382,8,6,36,204,Demora
P383,4,12,12,40,Normal
P383,6,7,42,210,Normal
P383,9,5,10,66,Exceso
P384,2,5,10,66,Normal
P384,5,7,21,105,Demora
P384,9,4,16,128,Exceso
P385,1,5,20,132,Sin demanda
P385,8,6,12,68,Normal
P385,9,12,12,40,Exceso
P386,1,14,14,42,Normal
P386,6,3,6,62,Exceso
P386,9,3,15,155,Exceso
P387,2,3,18,186,Normal
P387,6,7,35,175,Normal
P387,9,7,14,70,Normal
P388,5,14,56,168,Normal
P388,7,7,42,210,Exceso
P388,8,13,13,41,Sin demanda
P389,1,13,39,123,Normal
P389,5,8,40,180,Demora
P389,6,8,40,180,Exceso
P390,1,10,30,114,Normal
P390,3,8,16,72,Normal
P390,5,12,36,120,Exceso
P391,6,8,8,36,Normal
P391,7,4,24,192,Normal
P391,9,14,14,42,Exceso
P392,3,11,44,156,Exceso
P392,4,3,12,124,Normal
P392,8,5,10,66,Normal
P393,1,9,54,222,Normal
P393,5,4,16,128,Normal
P393,6,14,28,84,Normal
P394,2,14,56,168,Normal
P394,6,13,26,82,Normal
P394,7,7,28,140,Normal
P395,1,3,12,124,Demora
P395,2,9,18,74,Normal
P395,4,11,22,78,Normal
P396,1,4,12,96,Normal
P396,2,7,14,70,Demora
P396,4,8,16,72,Normal
P397,4,11,11,39,Normal
P397,5,6,12,68,Normal
P397,6,12,12,40,Normal
P398,4,3,9,93,Normal
P398,5,7,42,210,Normal
P398,8,13,13,41,Exceso
P399,2,6,6,34,Demora
P399,4,12,12,40,Normal
P399,6,4,20,160,Normal
P400,4,14,14,42,Demora
P400,5,6,12,68,Demora
P400,9,5,5,33,Normal
