RegionID,RegionName,CountryName,State,City,PostalCode
1,North America,United States of America,Texas,Southlake,26192
2,North America,United States of America,California,South San Francisco,99236
3,North America,United States of America,New Jersey,South Brunswick,50090
4,North America,United States of America,Washington,Seattle,98199
5,North America,Canada,Ontario,Toronto,M5V 2L7
6,Oceania,Australia,New South Wales,Sydney,2901
7,North America,Mexico,Distrito Federal,Mexico City,11932
8,Asia,China,Beijing,Beijing,190518
9,Asia,India,Maharashtra,Bombay,490231
